bookingId,email,booking_status,scenario_text,isCancellable,bookingStatus,isPendingCancellation,isReschedulable,oopCancellationAllowed,vendorId,tourId,tourGroupId,inventoryDateTime,refundReferenceNumber,alternatesStatus,alternatesLink,isMoreInfoRequested,isSLABreached,isSameDayBooking,resolutionTime,isTextEtaBeforeDateOfExp,ticketValidityType,ticketId,vendorRefId,tourGroupName,primaryCustomerName,guestCount,secureBookingId,fulfillmentType,statusCode,variantName,latitude,longitude,address,redemptionInstruction,tourInventoryType,itineraryId,secureItineraryId,machineCodeType,ticketValidityUntilDate,ticketValidityUntilDaysFromPurchase,L1,L2,L3,mood
80100000,shreyank.prabhu@headout.com,COMPLETED,"The guest still hasn't received their tickets and wants an update — specifically, resend tickets. The guest is calm and matter-of-fact, asks their question plainly and accepts a clear answer without much back-and-forth.",FALSE,COMPLETED,FALSE,FALSE,FALSE,1200,2400,3600,2026-09-01T00:00:00Z,,,,FALSE,TRUE,FALSE,30 minutes,FALSE,NOT_EXTENDABLE,500100,VREF-1100,The Colosseum,John Doe,1,SEC-40100000,VENDOR_API,,Direct Entry Ticket,41.8902,12.4922,"Piazza del Colosseo, 1, 00184 Roma RM, Italy",Please present this e-ticket at the main entrance turnstiles. Ensure the barcode is clearly visible on your mobile device. No need to print.,FIXED_START_FLEXIBLE_DURATION,7100000,SECITIN-7100000,BARCODE_UPC_A,,,Delay Fulfilment,Resend Tickets,,okay
80100001,shreyank.prabhu@headout.com,COMPLETED,"The guest has a question about how to redeem their ticket — specifically, meeting point details requested. The guest is calm and matter-of-fact, asks their question plainly and accepts a clear answer without much back-and-forth.",FALSE,COMPLETED,FALSE,FALSE,FALSE,1201,2401,3601,2026-09-02T01:00:00Z,,,,FALSE,TRUE,FALSE,30 minutes,FALSE,NOT_EXTENDABLE,500101,VREF-1101,Vatican Museums,Jane Wilson,2,SEC-40100001,VENDOR_API,,Ticket with Audioguide,41.9065,12.4536,00120 Vatican City,Head to the audio guide desk located past the security check. Show this voucher to collect your device and headphones.,FIXED_START_FIXED_DURATION,7100001,SECITIN-7100001,BARCODE_UPC_A,,,Ticket Redemption Details,Meeting Point Related,Meeting Point Details Requested,okay
80100002,shreyank.prabhu@headout.com,COMPLETED,"The guest wants to modify details on their booking — specifically, change of plans. The guest is calm and matter-of-fact, asks their question plainly and accepts a clear answer without much back-and-forth.",FALSE,COMPLETED,FALSE,TRUE,FALSE,1202,2402,3602,2026-09-03T02:00:00Z,,,,FALSE,TRUE,FALSE,30 minutes,FALSE,NOT_EXTENDABLE,500102,VREF-1102,Universal Studios Hollywood,Michael Lee,3,SEC-40100002,VENDOR_API,,Guided Tour,34.1381,-118.3534,"100 Universal City Plaza, Universal City, CA 91608, USA",Meet your guide at the designated meeting point 15 minutes before the tour starts. Look for the guide holding a red umbrella.,FIXED_START_FIXED_DURATION,7100002,SECITIN-7100002,BARCODE_CODE_39,,,Modification Request,Customer Related,Change Of Plans,okay
80100003,shreyank.prabhu@headout.com,COMPLETED,"The guest has a question about how to redeem their ticket — specifically, transfer / pick up related. The guest is calm and matter-of-fact, asks their question plainly and accepts a clear answer without much back-and-forth.",FALSE,COMPLETED,FALSE,FALSE,FALSE,1203,2403,3603,2026-09-04T03:00:00Z,,,,FALSE,TRUE,FALSE,30 minutes,FALSE,NOT_EXTENDABLE,500103,VREF-1103,Eiffel Tower,Emily Green,4,SEC-40100003,VENDOR_API,,Skip-the-line Ticket,48.8584,2.2945,"Champ de Mars, 5 Ave Anatole France, 75007 Paris, France",Proceed directly to the priority entrance lane marked 'Skip-the-line'. Have your ID and e-ticket ready for scanning.,FIXED_START_FIXED_DURATION,7100003,SECITIN-7100003,HTML_URL,,,Ticket Redemption Details,Transfer / Pick Up Related,,okay
80100004,shreyank.prabhu@headout.com,COMPLETED,"The guest wants to modify details on their booking — specifically, wrong date/time. The guest is calm and matter-of-fact, asks their question plainly and accepts a clear answer without much back-and-forth.",FALSE,COMPLETED,FALSE,TRUE,FALSE,1204,2404,3604,2026-09-05T04:00:00Z,,,,FALSE,TRUE,FALSE,30 minutes,FALSE,NOT_EXTENDABLE,500104,VREF-1104,Statue of Liberty,Christopher Roberts,5,SEC-40100004,VENDOR_API,,VIP Access,40.6892,-74.0445,"New York, NY 10004, USA",Please use the VIP entrance located on the east side of the building. Present your voucher to the VIP concierge for immediate assistance.,FIXED_START_FLEXIBLE_DURATION,7100004,SECITIN-7100004,WALLET_PASS,,,Modification Request,Customer Related,Wrong Date/time,okay
80100005,shreyank.prabhu@headout.com,COMPLETED,"The guest is a supplier contact asking about a guest's booking. The guest is calm and matter-of-fact, asks their question plainly and accepts a clear answer without much back-and-forth.",FALSE,COMPLETED,FALSE,FALSE,FALSE,1205,2405,3605,2026-09-06T05:00:00Z,,,,FALSE,FALSE,FALSE,30 minutes,FALSE,NOT_EXTENDABLE,500105,VREF-1105,Louvre Museum,Ashley Jackson,1,SEC-40100005,VENDOR_API,,Direct Entry Ticket,48.8606,2.3376,"Rue de Rivoli, 75001 Paris, France",Please present this e-ticket at the main entrance turnstiles. Ensure the barcode is clearly visible on your mobile device. No need to print.,FIXED_START_FIXED_DURATION,7100005,SECITIN-7100005,PDF_URL,,,Vendor Query,,,okay
80100006,shreyank.prabhu@headout.com,COMPLETED,"The guest wants to cancel their booking — specifically, customer error. The guest is calm and matter-of-fact, asks their question plainly and accepts a clear answer without much back-and-forth.",TRUE,COMPLETED,FALSE,FALSE,TRUE,1206,2406,3606,2026-09-07T06:00:00Z,,,,FALSE,TRUE,FALSE,30 minutes,FALSE,NOT_EXTENDABLE,500106,VREF-1106,Burj Khalifa,Matthew Rodriguez,2,SEC-40100006,VENDOR_API,,Ticket with Audioguide,25.1972,55.2744,1 Sheikh Mohammed bin Rashid Blvd - Downtown Dubai - Dubai - United Arab Emirates,Head to the audio guide desk located past the security check. Show this voucher to collect your device and headphones.,FIXED_START_FIXED_DURATION,7100006,SECITIN-7100006,QR_CODE,,,Cancellation Request,Customer Related,Customer Error,okay
80100007,shreyank.prabhu@headout.com,COMPLETED,"The guest has a question about how to redeem their ticket — specifically, inclusions/exclusions related. The guest is calm and matter-of-fact, asks their question plainly and accepts a clear answer without much back-and-forth.",FALSE,COMPLETED,FALSE,FALSE,FALSE,1207,2407,3607,2026-09-08T07:00:00Z,,,,FALSE,TRUE,FALSE,30 minutes,FALSE,NOT_EXTENDABLE,500107,VREF-1107,Sydney Opera House,Amanda Walker,3,SEC-40100007,VENDOR_API,,Guided Tour,-33.8568,151.2153,"Bennelong Point, Sydney NSW 2000, Australia",Meet your guide at the designated meeting point 15 minutes before the tour starts. Look for the guide holding a red umbrella.,FIXED_START_FIXED_DURATION,7100007,SECITIN-7100007,TEXT,,,Ticket Redemption Details,Inclusions/exclusions Related,,okay
80100008,shreyank.prabhu@headout.com,COMPLETED,"The guest has a question about how to redeem their ticket — specifically, others. The guest is calm and matter-of-fact, asks their question plainly and accepts a clear answer without much back-and-forth.",FALSE,COMPLETED,FALSE,FALSE,FALSE,1208,2408,3608,2026-09-09T08:00:00Z,,,,FALSE,TRUE,FALSE,30 minutes,FALSE,NOT_EXTENDABLE,500108,VREF-1108,Taj Mahal,Joshua Mitchell,4,SEC-40100008,VENDOR_API,,Skip-the-line Ticket,27.1751,78.0421,"Dharmapuri, Forest Colony, Tajganj, Agra, Uttar Pradesh 282001, India",Proceed directly to the priority entrance lane marked 'Skip-the-line'. Have your ID and e-ticket ready for scanning.,FIXED_START_FIXED_DURATION,7100008,SECITIN-7100008,BARCODE_CODE_128,,,Ticket Redemption Details,Others,,okay
80100009,shreyank.prabhu@headout.com,COMPLETED,"The guest wants to cancel their booking — specifically, wrong pax. The guest is calm and matter-of-fact, asks their question plainly and accepts a clear answer without much back-and-forth.",TRUE,COMPLETED,FALSE,FALSE,TRUE,1209,2409,3609,2026-09-10T09:00:00Z,,,,FALSE,TRUE,FALSE,30 minutes,FALSE,NOT_EXTENDABLE,500109,VREF-1109,Sagrada Familia,Brittany Davis,5,SEC-40100009,VENDOR_API,,VIP Access,41.4036,2.1744,"C/ de Mallorca, 401, l'Eixample, 08013 Barcelona, Spain",Please use the VIP entrance located on the east side of the building. Present your voucher to the VIP concierge for immediate assistance.,FIXED_START_FIXED_DURATION,7100009,SECITIN-7100009,BARCODE_UPC_A,,,Cancellation Request,Headout Related,Wrong Pax,okay
80100010,shreyank.prabhu@headout.com,COMPLETED,"The guest still hasn't received their tickets and wants an update — specifically, headout related. The guest is calm and matter-of-fact, asks their question plainly and accepts a clear answer without much back-and-forth.",FALSE,COMPLETED,FALSE,FALSE,FALSE,1210,2410,3610,2026-09-11T10:00:00Z,,,,FALSE,TRUE,TRUE,30 minutes,FALSE,NOT_EXTENDABLE,500110,VREF-1110,The Colosseum,William Robinson,1,SEC-40100010,VENDOR_API,,Direct Entry Ticket,41.8902,12.4922,"Piazza del Colosseo, 1, 00184 Roma RM, Italy",Please present this e-ticket at the main entrance turnstiles. Ensure the barcode is clearly visible on your mobile device. No need to print.,FLEXIBLE_START_FLEXIBLE_DURATION,7100010,SECITIN-7100010,BARCODE_UPC_A,,,Delay Fulfilment,Delay,Headout Related,okay
80100011,shreyank.prabhu@headout.com,COMPLETED,"The guest wants to cancel their booking — specifically, wrong date. The guest is calm and matter-of-fact, asks their question plainly and accepts a clear answer without much back-and-forth.",TRUE,COMPLETED,FALSE,FALSE,TRUE,1211,2411,3611,2026-09-12T11:00:00Z,,,,FALSE,TRUE,FALSE,30 minutes,FALSE,NOT_EXTENDABLE,500111,VREF-1111,Vatican Museums,Megan Harris,2,SEC-40100011,VENDOR_API,,Ticket with Audioguide,41.9065,12.4536,00120 Vatican City,Head to the audio guide desk located past the security check. Show this voucher to collect your device and headphones.,FIXED_START_FIXED_DURATION,7100011,SECITIN-7100011,BARCODE_UPC_A,,,Cancellation Request,Headout Related,Wrong Date,okay
80100012,shreyank.prabhu@headout.com,COMPLETED,"The guest has a general question before or after booking — specifically, combos. The guest is calm and matter-of-fact, asks their question plainly and accepts a clear answer without much back-and-forth.",FALSE,COMPLETED,FALSE,FALSE,FALSE,1212,2412,3612,2026-09-13T12:00:00Z,,,,FALSE,TRUE,FALSE,30 minutes,FALSE,NOT_EXTENDABLE,500112,VREF-1112,Universal Studios Hollywood,David Nelson,3,SEC-40100012,VENDOR_API,,Guided Tour,34.1381,-118.3534,"100 Universal City Plaza, Universal City, CA 91608, USA",Meet your guide at the designated meeting point 15 minutes before the tour starts. Look for the guide holding a red umbrella.,FIXED_START_FIXED_DURATION,7100012,SECITIN-7100012,BARCODE_CODE_39,,,General Information,Combos,,okay
80100013,shreyank.prabhu@headout.com,COMPLETED,"The guest wants to cancel their booking — specifically, change of plans. The guest is calm and matter-of-fact, asks their question plainly and accepts a clear answer without much back-and-forth.",TRUE,COMPLETED,FALSE,FALSE,TRUE,1213,2413,3613,2026-09-14T13:00:00Z,,,,FALSE,TRUE,FALSE,30 minutes,FALSE,NOT_EXTENDABLE,500113,VREF-1113,Eiffel Tower,Rachel Smith,4,SEC-40100013,VENDOR_API,,Skip-the-line Ticket,48.8584,2.2945,"Champ de Mars, 5 Ave Anatole France, 75007 Paris, France",Proceed directly to the priority entrance lane marked 'Skip-the-line'. Have your ID and e-ticket ready for scanning.,FIXED_START_FIXED_DURATION,7100013,SECITIN-7100013,HTML_URL,,,Cancellation Request,Customer Related,Change Of Plans,okay
80100014,shreyank.prabhu@headout.com,COMPLETED,"The guest has a question about how to redeem their ticket — specifically, redemption information/issues. The guest is calm and matter-of-fact, asks their question plainly and accepts a clear answer without much back-and-forth.",FALSE,COMPLETED,FALSE,FALSE,FALSE,1214,2414,3614,2026-09-15T14:00:00Z,,,,FALSE,TRUE,FALSE,30 minutes,FALSE,NOT_EXTENDABLE,500114,VREF-1114,Statue of Liberty,James Thomas,5,SEC-40100014,VENDOR_API,,VIP Access,40.6892,-74.0445,"New York, NY 10004, USA",Please use the VIP entrance located on the east side of the building. Present your voucher to the VIP concierge for immediate assistance.,FIXED_START_FLEXIBLE_DURATION,7100014,SECITIN-7100014,WALLET_PASS,,,Ticket Redemption Details,Audio Guide Related,Redemption Information/issues,okay
80100015,shreyank.prabhu@headout.com,PENDING,"The guest still hasn't received their tickets and wants an update — specifically, SP dependency. The guest is calm and matter-of-fact, asks their question plainly and accepts a clear answer without much back-and-forth.",FALSE,PENDING,FALSE,FALSE,FALSE,1215,2415,3615,2026-09-16T15:00:00Z,,,,FALSE,FALSE,TRUE,30 minutes,FALSE,NOT_EXTENDABLE,500115,VREF-1115,Louvre Museum,Samantha Thompson,1,SEC-40100015,VENDOR_API,,Direct Entry Ticket,48.8606,2.3376,"Rue de Rivoli, 75001 Paris, France",Please present this e-ticket at the main entrance turnstiles. Ensure the barcode is clearly visible on your mobile device. No need to print.,FLEXIBLE_START_FLEXIBLE_DURATION,7100015,SECITIN-7100015,PDF_URL,,,Delay Fulfilment,Delay,Sp Dependency,okay
80100016,shreyank.prabhu@headout.com,COMPLETED,"The guest ran into a problem paying for their booking — specifically, 3ds failure. The guest is calm and matter-of-fact, asks their question plainly and accepts a clear answer without much back-and-forth.",FALSE,COMPLETED,FALSE,FALSE,FALSE,1216,2416,3616,2026-09-17T16:00:00Z,,,,FALSE,TRUE,FALSE,30 minutes,FALSE,NOT_EXTENDABLE,500116,VREF-1116,Burj Khalifa,Daniel Adams,2,SEC-40100016,VENDOR_API,,Ticket with Audioguide,25.1972,55.2744,1 Sheikh Mohammed bin Rashid Blvd - Downtown Dubai - Dubai - United Arab Emirates,Head to the audio guide desk located past the security check. Show this voucher to collect your device and headphones.,FIXED_START_FIXED_DURATION,7100016,SECITIN-7100016,QR_CODE,,,Payment Failure,3ds Failure,,okay
80100017,shreyank.prabhu@headout.com,COMPLETED,"The guest has a general question before or after booking — specifically, unsubscribe/delete account. The guest is calm and matter-of-fact, asks their question plainly and accepts a clear answer without much back-and-forth.",FALSE,COMPLETED,FALSE,FALSE,FALSE,1217,2417,3617,2026-09-18T17:00:00Z,,,,FALSE,TRUE,FALSE,30 minutes,FALSE,NOT_EXTENDABLE,500117,VREF-1117,Sydney Opera House,Sarah Turner,3,SEC-40100017,VENDOR_API,,Guided Tour,-33.8568,151.2153,"Bennelong Point, Sydney NSW 2000, Australia",Meet your guide at the designated meeting point 15 minutes before the tour starts. Look for the guide holding a red umbrella.,FIXED_START_FLEXIBLE_DURATION,7100017,SECITIN-7100017,TEXT,,,General Information,Unsubscribe/delete Account,,okay
80100018,shreyank.prabhu@headout.com,COMPLETED,"The guest has a question about their Reserve Now, Pay Later booking. The guest is calm and matter-of-fact, asks their question plainly and accepts a clear answer without much back-and-forth.",FALSE,COMPLETED,FALSE,FALSE,FALSE,1218,2418,3618,2026-09-19T18:00:00Z,,,,FALSE,TRUE,FALSE,30 minutes,FALSE,NOT_EXTENDABLE,500118,VREF-1118,Taj Mahal,Andrew Brown,4,SEC-40100018,VENDOR_API,,Skip-the-line Ticket,27.1751,78.0421,"Dharmapuri, Forest Colony, Tajganj, Agra, Uttar Pradesh 282001, India",Proceed directly to the priority entrance lane marked 'Skip-the-line'. Have your ID and e-ticket ready for scanning.,FIXED_START_FIXED_DURATION,7100018,SECITIN-7100018,BARCODE_CODE_128,,,Reserve Now Pay Later,,,okay
80100019,shreyank.prabhu@headout.com,PENDING,"The guest still hasn't received their tickets and wants an update — specifically, SP dependency. The guest is annoyed about the situation, pushes back once with a bit of edge if the first answer doesn't satisfy them, but stays civil.",FALSE,PENDING,FALSE,FALSE,FALSE,1219,2419,3619,2026-09-20T19:00:00Z,,,,FALSE,TRUE,TRUE,30 minutes,FALSE,NOT_EXTENDABLE,500119,VREF-1119,Sagrada Familia,Jessica Lewis,5,SEC-40100019,VENDOR_API,,VIP Access,41.4036,2.1744,"C/ de Mallorca, 401, l'Eixample, 08013 Barcelona, Spain",Please use the VIP entrance located on the east side of the building. Present your voucher to the VIP concierge for immediate assistance.,FIXED_START_FLEXIBLE_DURATION,7100019,SECITIN-7100019,BARCODE_UPC_A,,,Delay Fulfilment,Delay,Sp Dependency,frustrated
80100020,shreyank.prabhu@headout.com,COMPLETED,"The guest has a general question before or after booking — specifically, creator collab. The guest is calm and matter-of-fact, asks their question plainly and accepts a clear answer without much back-and-forth.",FALSE,COMPLETED,FALSE,FALSE,FALSE,1220,2420,3620,2026-09-21T20:00:00Z,,,,FALSE,TRUE,FALSE,30 minutes,FALSE,NOT_EXTENDABLE,500120,VREF-1120,The Colosseum,Ryan Scott,1,SEC-40100020,VENDOR_API,,Direct Entry Ticket,41.8902,12.4922,"Piazza del Colosseo, 1, 00184 Roma RM, Italy",Please present this e-ticket at the main entrance turnstiles. Ensure the barcode is clearly visible on your mobile device. No need to print.,FLEXIBLE_START_FLEXIBLE_DURATION,7100020,SECITIN-7100020,BARCODE_UPC_A,,,General Information,Creator Collab,,okay
80100021,shreyank.prabhu@headout.com,COMPLETED,"The guest wants to cancel their booking — specifically, personal emergency. The guest is calm and matter-of-fact, asks their question plainly and accepts a clear answer without much back-and-forth.",TRUE,COMPLETED,FALSE,FALSE,TRUE,1221,2421,3621,2026-09-22T21:00:00Z,,,,FALSE,TRUE,FALSE,30 minutes,FALSE,NOT_EXTENDABLE,500121,VREF-1121,Vatican Museums,Melissa Perez,2,SEC-40100021,VENDOR_API,,Ticket with Audioguide,41.9065,12.4536,00120 Vatican City,Head to the audio guide desk located past the security check. Show this voucher to collect your device and headphones.,FIXED_START_FLEXIBLE_DURATION,7100021,SECITIN-7100021,BARCODE_UPC_A,,,Cancellation Request,Customer Related,Personal Emergency,okay
80100022,shreyank.prabhu@headout.com,COMPLETED,"The guest has a question about how to redeem their ticket — specifically, pax related. The guest is calm and matter-of-fact, asks their question plainly and accepts a clear answer without much back-and-forth.",FALSE,COMPLETED,FALSE,FALSE,FALSE,1222,2422,3622,2026-09-23T22:00:00Z,,,,FALSE,TRUE,FALSE,30 minutes,FALSE,NOT_EXTENDABLE,500122,VREF-1122,Universal Studios Hollywood,Kevin Taylor,3,SEC-40100022,VENDOR_API,,Guided Tour,34.1381,-118.3534,"100 Universal City Plaza, Universal City, CA 91608, USA",Meet your guide at the designated meeting point 15 minutes before the tour starts. Look for the guide holding a red umbrella.,FLEXIBLE_START_FLEXIBLE_DURATION,7100022,SECITIN-7100022,BARCODE_CODE_39,,,Ticket Redemption Details,Pax Related,,okay
80100023,shreyank.prabhu@headout.com,CANCELLED,"The guest is asking about a refund — specifically, refund status. The guest is calm and matter-of-fact, asks their question plainly and accepts a clear answer without much back-and-forth.",FALSE,CANCELLED,FALSE,FALSE,FALSE,1223,2423,3623,2026-09-24T23:00:00Z,123456740100023,,,FALSE,TRUE,FALSE,30 minutes,FALSE,NOT_EXTENDABLE,500123,VREF-1123,Eiffel Tower,Danielle Clark,4,SEC-40100023,VENDOR_API,,Skip-the-line Ticket,48.8584,2.2945,"Champ de Mars, 5 Ave Anatole France, 75007 Paris, France",Proceed directly to the priority entrance lane marked 'Skip-the-line'. Have your ID and e-ticket ready for scanning.,FLEXIBLE_START_FLEXIBLE_DURATION,7100023,SECITIN-7100023,HTML_URL,,,Refund Related,Refund Status,,okay
80100024,shreyank.prabhu@headout.com,PENDING,"The guest is following up on a booking that was already amended — specifically, request for refund. The guest is calm and matter-of-fact, asks their question plainly and accepts a clear answer without much back-and-forth.",TRUE,PENDING,FALSE,FALSE,TRUE,1224,2424,3624,2026-09-25T00:00:00Z,,NOT_SENT_FROM_BMS,,FALSE,TRUE,FALSE,30 minutes,FALSE,NOT_EXTENDABLE,500124,VREF-1124,Statue of Liberty,Brian White,5,SEC-40100024,VENDOR_API,,VIP Access,40.6892,-74.0445,"New York, NY 10004, USA",Please use the VIP entrance located on the east side of the building. Present your voucher to the VIP concierge for immediate assistance.,FIXED_START_FIXED_DURATION,7100024,SECITIN-7100024,WALLET_PASS,,,Amended Booking Response,Request For Refund,,okay
80100025,shreyank.prabhu@headout.com,COMPLETED,"The guest wants to modify details on their booking — specifically, others. The guest is calm and matter-of-fact, asks their question plainly and accepts a clear answer without much back-and-forth.",FALSE,COMPLETED,FALSE,TRUE,FALSE,1225,2425,3625,2026-09-26T01:00:00Z,,,,FALSE,TRUE,TRUE,30 minutes,FALSE,NOT_EXTENDABLE,500125,VREF-1125,Louvre Museum,Kimberly Carter,1,SEC-40100025,VENDOR_API,,Direct Entry Ticket,48.8606,2.3376,"Rue de Rivoli, 75001 Paris, France",Please present this e-ticket at the main entrance turnstiles. Ensure the barcode is clearly visible on your mobile device. No need to print.,FIXED_START_FIXED_DURATION,7100025,SECITIN-7100025,PDF_URL,,,Modification Request,Headout Related,Others,okay
80100026,shreyank.prabhu@headout.com,COMPLETED,"The guest has a general question before or after booking — specifically, trust. The guest is calm and matter-of-fact, asks their question plainly and accepts a clear answer without much back-and-forth.",FALSE,COMPLETED,FALSE,FALSE,FALSE,1226,2426,3626,2026-09-27T02:00:00Z,,,,FALSE,TRUE,FALSE,30 minutes,FALSE,NOT_EXTENDABLE,500126,VREF-1126,Burj Khalifa,Timothy Johnson,2,SEC-40100026,VENDOR_API,,Ticket with Audioguide,25.1972,55.2744,1 Sheikh Mohammed bin Rashid Blvd - Downtown Dubai - Dubai - United Arab Emirates,Head to the audio guide desk located past the security check. Show this voucher to collect your device and headphones.,FIXED_START_FIXED_DURATION,7100026,SECITIN-7100026,QR_CODE,,,General Information,Trust,,okay
80100027,shreyank.prabhu@headout.com,CANCELLED,"The guest has a general question before or after booking — specifically, group bookings. The guest is calm and matter-of-fact, asks their question plainly and accepts a clear answer without much back-and-forth.",FALSE,CANCELLED,FALSE,FALSE,FALSE,1227,2427,3627,2026-09-28T03:00:00Z,123456740100027,,,FALSE,TRUE,FALSE,30 minutes,FALSE,NOT_EXTENDABLE,500127,VREF-1127,Sydney Opera House,Amy Martinez,3,SEC-40100027,VENDOR_API,,Guided Tour,-33.8568,151.2153,"Bennelong Point, Sydney NSW 2000, Australia",Meet your guide at the designated meeting point 15 minutes before the tour starts. Look for the guide holding a red umbrella.,FLEXIBLE_START_FLEXIBLE_DURATION,7100027,SECITIN-7100027,TEXT,,,General Information,Group Bookings,,okay
80100028,shreyank.prabhu@headout.com,COMPLETED,"The guest still hasn't received their tickets and wants an update — specifically, headout related. The guest is annoyed about the situation, pushes back once with a bit of edge if the first answer doesn't satisfy them, but stays civil.",FALSE,COMPLETED,FALSE,FALSE,FALSE,1228,2428,3628,2026-09-01T04:00:00Z,,,,FALSE,TRUE,TRUE,30 minutes,FALSE,NOT_EXTENDABLE,500128,VREF-1128,Taj Mahal,Jason Martin,4,SEC-40100028,VENDOR_API,,Skip-the-line Ticket,27.1751,78.0421,"Dharmapuri, Forest Colony, Tajganj, Agra, Uttar Pradesh 282001, India",Proceed directly to the priority entrance lane marked 'Skip-the-line'. Have your ID and e-ticket ready for scanning.,FLEXIBLE_START_FLEXIBLE_DURATION,7100028,SECITIN-7100028,BARCODE_CODE_128,,,Delay Fulfilment,Delay,Headout Related,frustrated
80100029,shreyank.prabhu@headout.com,PENDING,"The guest still hasn't received their tickets and wants an update — specifically, inventory issue. The guest is calm and matter-of-fact, asks their question plainly and accepts a clear answer without much back-and-forth.",FALSE,PENDING,FALSE,FALSE,FALSE,1229,2429,3629,2026-09-02T05:00:00Z,,,,FALSE,TRUE,TRUE,30 minutes,FALSE,NOT_EXTENDABLE,500129,VREF-1129,Sagrada Familia,Rebecca Baker,5,SEC-40100029,VENDOR_API,,VIP Access,41.4036,2.1744,"C/ de Mallorca, 401, l'Eixample, 08013 Barcelona, Spain",Please use the VIP entrance located on the east side of the building. Present your voucher to the VIP concierge for immediate assistance.,FIXED_START_FLEXIBLE_DURATION,7100029,SECITIN-7100029,BARCODE_UPC_A,,,Delay Fulfilment,Delay,Inventory Issue,okay
80100030,shreyank.prabhu@headout.com,COMPLETED,"The guest ran into a problem paying for their booking — specifically, sift/fingerprint block. The guest is calm and matter-of-fact, asks their question plainly and accepts a clear answer without much back-and-forth.",FALSE,COMPLETED,FALSE,FALSE,FALSE,1230,2430,3630,2026-09-03T06:00:00Z,,,,FALSE,TRUE,FALSE,30 minutes,FALSE,NOT_EXTENDABLE,500130,VREF-1130,The Colosseum,John Doe,1,SEC-40100030,VENDOR_API,,Direct Entry Ticket,41.8902,12.4922,"Piazza del Colosseo, 1, 00184 Roma RM, Italy",Please present this e-ticket at the main entrance turnstiles. Ensure the barcode is clearly visible on your mobile device. No need to print.,FLEXIBLE_START_FLEXIBLE_DURATION,7100030,SECITIN-7100030,BARCODE_UPC_A,,,Payment Failure,Sift/fingerprint Block,,okay
80100031,shreyank.prabhu@headout.com,CANCELLED,"The guest wants to cancel their booking — specifically, found cheaper options. The guest is calm and matter-of-fact, asks their question plainly and accepts a clear answer without much back-and-forth.",TRUE,CANCELLED,FALSE,FALSE,TRUE,1231,2431,3631,2026-09-04T07:00:00Z,,,,FALSE,TRUE,FALSE,30 minutes,FALSE,NOT_EXTENDABLE,500131,VREF-1131,Vatican Museums,Jane Wilson,2,SEC-40100031,VENDOR_API,,Ticket with Audioguide,41.9065,12.4536,00120 Vatican City,Head to the audio guide desk located past the security check. Show this voucher to collect your device and headphones.,FIXED_START_FIXED_DURATION,7100031,SECITIN-7100031,BARCODE_UPC_A,,,Cancellation Request,Customer Related,Found Cheaper Options,okay
80100032,shreyank.prabhu@headout.com,COMPLETED,"The guest has a question about how to redeem their ticket — specifically, extended validity. The guest is calm and matter-of-fact, asks their question plainly and accepts a clear answer without much back-and-forth.",FALSE,COMPLETED,FALSE,FALSE,FALSE,1232,2432,3632,2026-09-05T08:00:00Z,,,,FALSE,TRUE,TRUE,30 minutes,FALSE,UNTIL_DATE,500132,VREF-1132,Universal Studios Hollywood,Michael Lee,3,SEC-40100032,VENDOR_API,,Guided Tour,34.1381,-118.3534,"100 Universal City Plaza, Universal City, CA 91608, USA",Meet your guide at the designated meeting point 15 minutes before the tour starts. Look for the guide holding a red umbrella.,FLEXIBLE_START_FLEXIBLE_DURATION,7100032,SECITIN-7100032,BARCODE_CODE_39,2027-03-01,30,Ticket Redemption Details,Extended Validity,,okay
80100033,shreyank.prabhu@headout.com,COMPLETED,"The guest wants to cancel their booking — specifically, others. The guest is calm and matter-of-fact, asks their question plainly and accepts a clear answer without much back-and-forth.",TRUE,COMPLETED,FALSE,FALSE,TRUE,1233,2433,3633,2026-09-06T09:00:00Z,,,,FALSE,TRUE,TRUE,30 minutes,FALSE,NOT_EXTENDABLE,500133,VREF-1133,Eiffel Tower,Emily Green,4,SEC-40100033,VENDOR_API,,Skip-the-line Ticket,48.8584,2.2945,"Champ de Mars, 5 Ave Anatole France, 75007 Paris, France",Proceed directly to the priority entrance lane marked 'Skip-the-line'. Have your ID and e-ticket ready for scanning.,FLEXIBLE_START_FLEXIBLE_DURATION,7100033,SECITIN-7100033,HTML_URL,,,Cancellation Request,Headout Related,Others,okay
80100034,shreyank.prabhu@headout.com,COMPLETED,"The guest has a general question before or after booking — specifically, phishing. The guest is calm and matter-of-fact, asks their question plainly and accepts a clear answer without much back-and-forth.",FALSE,COMPLETED,FALSE,FALSE,FALSE,1234,2434,3634,2026-09-07T10:00:00Z,,,,FALSE,TRUE,FALSE,30 minutes,FALSE,NOT_EXTENDABLE,500134,VREF-1134,Statue of Liberty,Christopher Roberts,5,SEC-40100034,VENDOR_API,,VIP Access,40.6892,-74.0445,"New York, NY 10004, USA",Please use the VIP entrance located on the east side of the building. Present your voucher to the VIP concierge for immediate assistance.,FIXED_START_FIXED_DURATION,7100034,SECITIN-7100034,WALLET_PASS,,,General Information,Phishing,,okay
80100035,shreyank.prabhu@headout.com,COMPLETED,"The guest wants to modify details on their booking — specifically, flight/train cancellation. The guest is calm and matter-of-fact, asks their question plainly and accepts a clear answer without much back-and-forth.",FALSE,COMPLETED,FALSE,TRUE,FALSE,1235,2435,3635,2026-09-08T11:00:00Z,,,,FALSE,TRUE,TRUE,30 minutes,FALSE,NOT_EXTENDABLE,500135,VREF-1135,Louvre Museum,Ashley Jackson,1,SEC-40100035,VENDOR_API,,Direct Entry Ticket,48.8606,2.3376,"Rue de Rivoli, 75001 Paris, France",Please present this e-ticket at the main entrance turnstiles. Ensure the barcode is clearly visible on your mobile device. No need to print.,FIXED_START_FLEXIBLE_DURATION,7100035,SECITIN-7100035,PDF_URL,,,Modification Request,Customer Related,Flight/train Cancellation,okay
80100036,shreyank.prabhu@headout.com,COMPLETED,"The guest wants to modify details on their booking — specifically, name change request. The guest is calm and matter-of-fact, asks their question plainly and accepts a clear answer without much back-and-forth.",FALSE,COMPLETED,FALSE,TRUE,FALSE,1236,2436,3636,2026-09-09T12:00:00Z,,,,FALSE,TRUE,FALSE,30 minutes,FALSE,NOT_EXTENDABLE,500136,VREF-1136,Burj Khalifa,Matthew Rodriguez,2,SEC-40100036,VENDOR_API,,Ticket with Audioguide,25.1972,55.2744,1 Sheikh Mohammed bin Rashid Blvd - Downtown Dubai - Dubai - United Arab Emirates,Head to the audio guide desk located past the security check. Show this voucher to collect your device and headphones.,FLEXIBLE_START_FLEXIBLE_DURATION,7100036,SECITIN-7100036,QR_CODE,,,Modification Request,Customer Related,Name Change Request,okay
80100037,shreyank.prabhu@headout.com,COMPLETED,"The guest has a general question before or after booking — specifically, seat availability. The guest is calm and matter-of-fact, asks their question plainly and accepts a clear answer without much back-and-forth.",FALSE,COMPLETED,FALSE,FALSE,FALSE,1237,2437,3637,2026-09-10T13:00:00Z,,,,FALSE,TRUE,FALSE,30 minutes,FALSE,NOT_EXTENDABLE,500137,VREF-1137,Sydney Opera House,Amanda Walker,3,SEC-40100037,VENDOR_API,,Guided Tour,-33.8568,151.2153,"Bennelong Point, Sydney NSW 2000, Australia",Meet your guide at the designated meeting point 15 minutes before the tour starts. Look for the guide holding a red umbrella.,FIXED_START_FIXED_DURATION,7100037,SECITIN-7100037,TEXT,,,General Information,Experience Related,Seat Availability,okay
80100038,shreyank.prabhu@headout.com,COMPLETED,"The guest ran into a problem paying for their booking — specifically, 3ds failure. The guest is annoyed about the situation, pushes back once with a bit of edge if the first answer doesn't satisfy them, but stays civil.",FALSE,COMPLETED,FALSE,FALSE,FALSE,1238,2438,3638,2026-09-11T14:00:00Z,,,,FALSE,TRUE,FALSE,30 minutes,FALSE,NOT_EXTENDABLE,500138,VREF-1138,Taj Mahal,Joshua Mitchell,4,SEC-40100038,VENDOR_API,,Skip-the-line Ticket,27.1751,78.0421,"Dharmapuri, Forest Colony, Tajganj, Agra, Uttar Pradesh 282001, India",Proceed directly to the priority entrance lane marked 'Skip-the-line'. Have your ID and e-ticket ready for scanning.,FIXED_START_FLEXIBLE_DURATION,7100038,SECITIN-7100038,BARCODE_CODE_128,,,Payment Failure,3ds Failure,,frustrated
80100039,shreyank.prabhu@headout.com,COMPLETED,"The guest wants to modify details on their booking — specifically, didn't get tickets. The guest is calm and matter-of-fact, asks their question plainly and accepts a clear answer without much back-and-forth.",FALSE,COMPLETED,FALSE,TRUE,FALSE,1239,2439,3639,2026-09-12T15:00:00Z,,,,FALSE,TRUE,TRUE,30 minutes,FALSE,NOT_EXTENDABLE,500139,VREF-1139,Sagrada Familia,Brittany Davis,5,SEC-40100039,VENDOR_API,,VIP Access,41.4036,2.1744,"C/ de Mallorca, 401, l'Eixample, 08013 Barcelona, Spain",Please use the VIP entrance located on the east side of the building. Present your voucher to the VIP concierge for immediate assistance.,FLEXIBLE_START_FLEXIBLE_DURATION,7100039,SECITIN-7100039,BARCODE_UPC_A,,,Modification Request,Customer Related,Didn T Get Tickets,okay
80100040,shreyank.prabhu@headout.com,COMPLETED,"The guest wants to modify details on their booking — specifically, personal emergency. The guest is calm and matter-of-fact, asks their question plainly and accepts a clear answer without much back-and-forth.",FALSE,COMPLETED,FALSE,TRUE,FALSE,1240,2440,3640,2026-09-13T16:00:00Z,,,,FALSE,TRUE,FALSE,30 minutes,FALSE,NOT_EXTENDABLE,500140,VREF-1140,The Colosseum,William Robinson,1,SEC-40100040,VENDOR_API,,Direct Entry Ticket,41.8902,12.4922,"Piazza del Colosseo, 1, 00184 Roma RM, Italy",Please present this e-ticket at the main entrance turnstiles. Ensure the barcode is clearly visible on your mobile device. No need to print.,FIXED_START_FIXED_DURATION,7100040,SECITIN-7100040,BARCODE_UPC_A,,,Modification Request,Customer Related,Personal Emergency,okay
80100041,shreyank.prabhu@headout.com,COMPLETED,"The guest wants to modify details on their booking — specifically, strike/venue closure. The guest is calm and matter-of-fact, asks their question plainly and accepts a clear answer without much back-and-forth.",FALSE,COMPLETED,FALSE,TRUE,FALSE,1241,2441,3641,2026-09-14T17:00:00Z,,,,FALSE,TRUE,TRUE,30 minutes,FALSE,NOT_EXTENDABLE,500141,VREF-1141,Vatican Museums,Megan Harris,2,SEC-40100041,VENDOR_API,,Ticket with Audioguide,41.9065,12.4536,00120 Vatican City,Head to the audio guide desk located past the security check. Show this voucher to collect your device and headphones.,FIXED_START_FLEXIBLE_DURATION,7100041,SECITIN-7100041,BARCODE_UPC_A,,,Modification Request,Sp Related,Strike/venue Closure,okay
80100042,shreyank.prabhu@headout.com,COMPLETED,"The guest still hasn't received their tickets and wants an update — specifically, resend tickets. The guest is annoyed about the situation, pushes back once with a bit of edge if the first answer doesn't satisfy them, but stays civil.",FALSE,COMPLETED,FALSE,FALSE,FALSE,1242,2442,3642,2026-09-15T18:00:00Z,,,,FALSE,TRUE,FALSE,30 minutes,FALSE,NOT_EXTENDABLE,500142,VREF-1142,Universal Studios Hollywood,David Nelson,3,SEC-40100042,VENDOR_API,,Guided Tour,34.1381,-118.3534,"100 Universal City Plaza, Universal City, CA 91608, USA",Meet your guide at the designated meeting point 15 minutes before the tour starts. Look for the guide holding a red umbrella.,FIXED_START_FIXED_DURATION,7100042,SECITIN-7100042,BARCODE_CODE_39,,,Delay Fulfilment,Resend Tickets,,frustrated
80100043,shreyank.prabhu@headout.com,PENDING,"The guest is following up on a booking that was already amended — specifically, tickets yet to recieve - alts selected. The guest is calm and matter-of-fact, asks their question plainly and accepts a clear answer without much back-and-forth.",TRUE,PENDING,FALSE,FALSE,TRUE,1243,2443,3643,2026-09-16T19:00:00Z,,SENT,,FALSE,TRUE,FALSE,30 minutes,FALSE,NOT_EXTENDABLE,500143,VREF-1143,Eiffel Tower,Rachel Smith,4,SEC-40100043,VENDOR_API,,Skip-the-line Ticket,48.8584,2.2945,"Champ de Mars, 5 Ave Anatole France, 75007 Paris, France",Proceed directly to the priority entrance lane marked 'Skip-the-line'. Have your ID and e-ticket ready for scanning.,FIXED_START_FIXED_DURATION,7100043,SECITIN-7100043,HTML_URL,,,Amended Booking Response,Tickets Yet To Recieve - Alts Selected,,okay
80100044,shreyank.prabhu@headout.com,COMPLETED,"The guest still hasn't received their tickets and wants an update — specifically, booked with wrong email. The guest is calm and matter-of-fact, asks their question plainly and accepts a clear answer without much back-and-forth.",FALSE,COMPLETED,FALSE,FALSE,FALSE,1244,2444,3644,2026-09-17T20:00:00Z,,,,FALSE,TRUE,FALSE,30 minutes,FALSE,NOT_EXTENDABLE,500144,VREF-1144,Statue of Liberty,James Thomas,5,SEC-40100044,VENDOR_API,,VIP Access,40.6892,-74.0445,"New York, NY 10004, USA",Please use the VIP entrance located on the east side of the building. Present your voucher to the VIP concierge for immediate assistance.,FIXED_START_FLEXIBLE_DURATION,7100044,SECITIN-7100044,WALLET_PASS,,,Delay Fulfilment,Ticket Related Issues,Booked With Wrong Email,okay
80100045,shreyank.prabhu@headout.com,COMPLETED,"The guest has a general question before or after booking — specifically, others. The guest is calm and matter-of-fact, asks their question plainly and accepts a clear answer without much back-and-forth.",FALSE,COMPLETED,FALSE,FALSE,FALSE,1245,2445,3645,2026-09-18T21:00:00Z,,,,FALSE,TRUE,FALSE,30 minutes,FALSE,NOT_EXTENDABLE,500145,VREF-1145,Louvre Museum,Samantha Thompson,1,SEC-40100045,VENDOR_API,,Direct Entry Ticket,48.8606,2.3376,"Rue de Rivoli, 75001 Paris, France",Please present this e-ticket at the main entrance turnstiles. Ensure the barcode is clearly visible on your mobile device. No need to print.,FIXED_START_FIXED_DURATION,7100045,SECITIN-7100045,PDF_URL,,,General Information,Pricing Related,Others,okay
80100046,shreyank.prabhu@headout.com,COMPLETED,"The guest wants to modify details on their booking — specifically, wrong pax. The guest is calm and matter-of-fact, asks their question plainly and accepts a clear answer without much back-and-forth.",FALSE,COMPLETED,FALSE,TRUE,FALSE,1246,2446,3646,2026-09-19T22:00:00Z,,,,FALSE,TRUE,FALSE,30 minutes,FALSE,NOT_EXTENDABLE,500146,VREF-1146,Burj Khalifa,Daniel Adams,2,SEC-40100046,VENDOR_API,,Ticket with Audioguide,25.1972,55.2744,1 Sheikh Mohammed bin Rashid Blvd - Downtown Dubai - Dubai - United Arab Emirates,Head to the audio guide desk located past the security check. Show this voucher to collect your device and headphones.,FIXED_START_FIXED_DURATION,7100046,SECITIN-7100046,QR_CODE,,,Modification Request,Customer Related,Wrong Pax,okay
80100047,shreyank.prabhu@headout.com,COMPLETED,"The guest is asking about a refund — specifically, price disparity. The guest is annoyed about the situation, pushes back once with a bit of edge if the first answer doesn't satisfy them, but stays civil.",FALSE,COMPLETED,FALSE,FALSE,FALSE,1247,2447,3647,2026-09-20T23:00:00Z,,,,FALSE,TRUE,FALSE,30 minutes,FALSE,NOT_EXTENDABLE,500147,VREF-1147,Sydney Opera House,Sarah Turner,3,SEC-40100047,VENDOR_API,,Guided Tour,-33.8568,151.2153,"Bennelong Point, Sydney NSW 2000, Australia",Meet your guide at the designated meeting point 15 minutes before the tour starts. Look for the guide holding a red umbrella.,FLEXIBLE_START_FLEXIBLE_DURATION,7100047,SECITIN-7100047,TEXT,,,Refund Related,Refund Request,Price Disparity,frustrated
80100048,shreyank.prabhu@headout.com,COMPLETED,"The guest is asking about a refund — specifically, refund status. The guest is annoyed about the situation, pushes back once with a bit of edge if the first answer doesn't satisfy them, but stays civil.",FALSE,COMPLETED,FALSE,FALSE,FALSE,1248,2448,3648,2026-09-21T00:00:00Z,,,,FALSE,TRUE,FALSE,30 minutes,FALSE,NOT_EXTENDABLE,500148,VREF-1148,Taj Mahal,Andrew Brown,4,SEC-40100048,VENDOR_API,,Skip-the-line Ticket,27.1751,78.0421,"Dharmapuri, Forest Colony, Tajganj, Agra, Uttar Pradesh 282001, India",Proceed directly to the priority entrance lane marked 'Skip-the-line'. Have your ID and e-ticket ready for scanning.,FIXED_START_FIXED_DURATION,7100048,SECITIN-7100048,BARCODE_CODE_128,,,Refund Related,Refund Status,,frustrated
80100049,shreyank.prabhu@headout.com,PENDING,"The guest is following up on a booking that was already amended — specifically, request for refund. The guest is annoyed about the situation, pushes back once with a bit of edge if the first answer doesn't satisfy them, but stays civil.",FALSE,PENDING,FALSE,FALSE,FALSE,1249,2449,3649,2026-09-22T01:00:00Z,,SENT,,FALSE,TRUE,FALSE,30 minutes,FALSE,NOT_EXTENDABLE,500149,VREF-1149,Sagrada Familia,Jessica Lewis,5,SEC-40100049,VENDOR_API,,VIP Access,41.4036,2.1744,"C/ de Mallorca, 401, l'Eixample, 08013 Barcelona, Spain",Please use the VIP entrance located on the east side of the building. Present your voucher to the VIP concierge for immediate assistance.,FLEXIBLE_START_FLEXIBLE_DURATION,7100049,SECITIN-7100049,BARCODE_UPC_A,,,Amended Booking Response,Request For Refund,,frustrated
80100050,shreyank.prabhu@headout.com,COMPLETED,"The guest has a general question before or after booking — specifically, convenience fee. The guest is annoyed about the situation, pushes back once with a bit of edge if the first answer doesn't satisfy them, but stays civil.",FALSE,COMPLETED,FALSE,FALSE,FALSE,1250,2450,3650,2026-09-23T02:00:00Z,,,,FALSE,TRUE,FALSE,30 minutes,FALSE,NOT_EXTENDABLE,500150,VREF-1150,The Colosseum,Ryan Scott,1,SEC-40100050,VENDOR_API,,Direct Entry Ticket,41.8902,12.4922,"Piazza del Colosseo, 1, 00184 Roma RM, Italy",Please present this e-ticket at the main entrance turnstiles. Ensure the barcode is clearly visible on your mobile device. No need to print.,FIXED_START_FLEXIBLE_DURATION,7100050,SECITIN-7100050,BARCODE_UPC_A,,,General Information,Pricing Related,Convenience Fee,frustrated
80100051,shreyank.prabhu@headout.com,COMPLETED,"The guest has a question about how to redeem their ticket — specifically, already redeemed tickets. The guest is calm and matter-of-fact, asks their question plainly and accepts a clear answer without much back-and-forth.",FALSE,COMPLETED,FALSE,FALSE,FALSE,1251,2451,3651,2026-09-24T03:00:00Z,,,,FALSE,TRUE,TRUE,30 minutes,FALSE,NOT_EXTENDABLE,500151,VREF-1151,Vatican Museums,Melissa Perez,2,SEC-40100051,VENDOR_API,,Ticket with Audioguide,41.9065,12.4536,00120 Vatican City,Head to the audio guide desk located past the security check. Show this voucher to collect your device and headphones.,FLEXIBLE_START_FLEXIBLE_DURATION,7100051,SECITIN-7100051,BARCODE_UPC_A,,,Ticket Redemption Details,Customer Complaint,Already Redeemed Tickets,okay
80100052,shreyank.prabhu@headout.com,COMPLETED,"The guest has a question about how to redeem their ticket — specifically, SP information. The guest is calm and matter-of-fact, asks their question plainly and accepts a clear answer without much back-and-forth.",FALSE,COMPLETED,FALSE,FALSE,FALSE,1252,2452,3652,2026-09-25T04:00:00Z,,,,FALSE,TRUE,FALSE,30 minutes,FALSE,NOT_EXTENDABLE,500152,VREF-1152,Universal Studios Hollywood,Kevin Taylor,3,SEC-40100052,VENDOR_API,,Guided Tour,34.1381,-118.3534,"100 Universal City Plaza, Universal City, CA 91608, USA",Meet your guide at the designated meeting point 15 minutes before the tour starts. Look for the guide holding a red umbrella.,FIXED_START_FIXED_DURATION,7100052,SECITIN-7100052,BARCODE_CODE_39,,,Ticket Redemption Details,Sp Information,,okay
80100053,shreyank.prabhu@headout.com,COMPLETED,"The guest has a general question before or after booking — specifically, convenience fee. The guest is calm and matter-of-fact, asks their question plainly and accepts a clear answer without much back-and-forth.",FALSE,COMPLETED,FALSE,FALSE,FALSE,1253,2453,3653,2026-09-26T05:00:00Z,,,,FALSE,TRUE,FALSE,30 minutes,FALSE,NOT_EXTENDABLE,500153,VREF-1153,Eiffel Tower,Danielle Clark,4,SEC-40100053,VENDOR_API,,Skip-the-line Ticket,48.8584,2.2945,"Champ de Mars, 5 Ave Anatole France, 75007 Paris, France",Proceed directly to the priority entrance lane marked 'Skip-the-line'. Have your ID and e-ticket ready for scanning.,FLEXIBLE_START_FLEXIBLE_DURATION,7100053,SECITIN-7100053,HTML_URL,,,General Information,Pricing Related,Convenience Fee,okay
80100054,shreyank.prabhu@headout.com,COMPLETED,"The guest is unhappy with how the experience itself went — specifically, guide issues. The guest is calm and matter-of-fact, asks their question plainly and accepts a clear answer without much back-and-forth.",FALSE,COMPLETED,FALSE,FALSE,FALSE,1254,2454,3654,2026-09-27T06:00:00Z,,,,FALSE,TRUE,TRUE,30 minutes,FALSE,NOT_EXTENDABLE,500154,VREF-1154,Statue of Liberty,Brian White,5,SEC-40100054,VENDOR_API,,VIP Access,40.6892,-74.0445,"New York, NY 10004, USA",Please use the VIP entrance located on the east side of the building. Present your voucher to the VIP concierge for immediate assistance.,FIXED_START_FIXED_DURATION,7100054,SECITIN-7100054,WALLET_PASS,,,Service Issues,Sp Related,Guide Issues,okay
80100055,shreyank.prabhu@headout.com,COMPLETED,"The guest has a general question before or after booking — specifically, sales not started. The guest is calm and matter-of-fact, asks their question plainly and accepts a clear answer without much back-and-forth.",FALSE,COMPLETED,FALSE,FALSE,FALSE,1255,2455,3655,2026-09-28T07:00:00Z,,,,FALSE,FALSE,TRUE,30 minutes,FALSE,NOT_EXTENDABLE,500155,VREF-1155,Louvre Museum,Kimberly Carter,1,SEC-40100055,VENDOR_API,,Direct Entry Ticket,48.8606,2.3376,"Rue de Rivoli, 75001 Paris, France",Please present this e-ticket at the main entrance turnstiles. Ensure the barcode is clearly visible on your mobile device. No need to print.,FIXED_START_FIXED_DURATION,7100055,SECITIN-7100055,PDF_URL,,,General Information,Sales Not Started,,okay
80100056,shreyank.prabhu@headout.com,COMPLETED,"The guest wants to modify details on their booking — specifically, wrong date/time. The guest is annoyed about the situation, pushes back once with a bit of edge if the first answer doesn't satisfy them, but stays civil.",FALSE,COMPLETED,FALSE,FALSE,FALSE,1256,2456,3656,2026-09-01T08:00:00Z,,,,FALSE,TRUE,FALSE,30 minutes,FALSE,NOT_EXTENDABLE,500156,VREF-1156,Burj Khalifa,Timothy Johnson,2,SEC-40100056,VENDOR_API,,Ticket with Audioguide,25.1972,55.2744,1 Sheikh Mohammed bin Rashid Blvd - Downtown Dubai - Dubai - United Arab Emirates,Head to the audio guide desk located past the security check. Show this voucher to collect your device and headphones.,FIXED_START_FLEXIBLE_DURATION,7100056,SECITIN-7100056,QR_CODE,,,Modification Request,Customer Related,Wrong Date/time,frustrated
80100057,shreyank.prabhu@headout.com,COMPLETED,"The guest wants to modify details on their booking — specifically, offered a different time. The guest is calm and matter-of-fact, asks their question plainly and accepts a clear answer without much back-and-forth.",FALSE,COMPLETED,FALSE,TRUE,FALSE,1257,2457,3657,2026-09-02T09:00:00Z,,,,FALSE,TRUE,FALSE,30 minutes,FALSE,NOT_EXTENDABLE,500157,VREF-1157,Sydney Opera House,Amy Martinez,3,SEC-40100057,VENDOR_API,,Guided Tour,-33.8568,151.2153,"Bennelong Point, Sydney NSW 2000, Australia",Meet your guide at the designated meeting point 15 minutes before the tour starts. Look for the guide holding a red umbrella.,FIXED_START_FIXED_DURATION,7100057,SECITIN-7100057,TEXT,,,Modification Request,Sp Related,Offered A Different Time,okay
80100058,shreyank.prabhu@headout.com,COMPLETED,"The guest is asking about a refund — specifically, price disparity. The guest is calm and matter-of-fact, asks their question plainly and accepts a clear answer without much back-and-forth.",FALSE,COMPLETED,FALSE,FALSE,FALSE,1258,2458,3658,2026-09-03T10:00:00Z,,,,FALSE,TRUE,FALSE,30 minutes,FALSE,NOT_EXTENDABLE,500158,VREF-1158,Taj Mahal,Jason Martin,4,SEC-40100058,VENDOR_API,,Skip-the-line Ticket,27.1751,78.0421,"Dharmapuri, Forest Colony, Tajganj, Agra, Uttar Pradesh 282001, India",Proceed directly to the priority entrance lane marked 'Skip-the-line'. Have your ID and e-ticket ready for scanning.,FIXED_START_FIXED_DURATION,7100058,SECITIN-7100058,BARCODE_CODE_128,,,Refund Related,Refund Request,Price Disparity,okay
80100059,shreyank.prabhu@headout.com,COMPLETED,"The guest is unhappy with how the experience itself went — specifically, guide issues. The guest is annoyed about the situation, pushes back once with a bit of edge if the first answer doesn't satisfy them, but stays civil.",FALSE,COMPLETED,FALSE,FALSE,FALSE,1259,2459,3659,2026-09-04T11:00:00Z,,,,FALSE,TRUE,TRUE,30 minutes,FALSE,NOT_EXTENDABLE,500159,VREF-1159,Sagrada Familia,Rebecca Baker,5,SEC-40100059,VENDOR_API,,VIP Access,41.4036,2.1744,"C/ de Mallorca, 401, l'Eixample, 08013 Barcelona, Spain",Please use the VIP entrance located on the east side of the building. Present your voucher to the VIP concierge for immediate assistance.,FIXED_START_FIXED_DURATION,7100059,SECITIN-7100059,BARCODE_UPC_A,,,Service Issues,Sp Related,Guide Issues,frustrated
80100060,shreyank.prabhu@headout.com,COMPLETED,"The guest is unhappy with how the experience itself went — specifically, tour language was different. The guest is calm and matter-of-fact, asks their question plainly and accepts a clear answer without much back-and-forth.",FALSE,COMPLETED,FALSE,FALSE,FALSE,1260,2460,3660,2026-09-05T12:00:00Z,,,,FALSE,TRUE,FALSE,30 minutes,FALSE,NOT_EXTENDABLE,500160,VREF-1160,The Colosseum,John Doe,1,SEC-40100060,VENDOR_API,,Direct Entry Ticket,41.8902,12.4922,"Piazza del Colosseo, 1, 00184 Roma RM, Italy",Please present this e-ticket at the main entrance turnstiles. Ensure the barcode is clearly visible on your mobile device. No need to print.,FIXED_START_FIXED_DURATION,7100060,SECITIN-7100060,BARCODE_UPC_A,,,Service Issues,Sp Related,Tour Language Was Different,okay
80100061,shreyank.prabhu@headout.com,COMPLETED,"The guest has a question about how to redeem their ticket — specifically, redemption information/issues. The guest is annoyed about the situation, pushes back once with a bit of edge if the first answer doesn't satisfy them, but stays civil.",FALSE,COMPLETED,FALSE,FALSE,FALSE,1261,2461,3661,2026-09-06T13:00:00Z,,,,FALSE,TRUE,FALSE,30 minutes,FALSE,NOT_EXTENDABLE,500161,VREF-1161,Vatican Museums,Jane Wilson,2,SEC-40100061,VENDOR_API,,Ticket with Audioguide,41.9065,12.4536,00120 Vatican City,Head to the audio guide desk located past the security check. Show this voucher to collect your device and headphones.,FIXED_START_FLEXIBLE_DURATION,7100061,SECITIN-7100061,BARCODE_UPC_A,,,Ticket Redemption Details,Audio Guide Related,Redemption Information/issues,frustrated
80100062,shreyank.prabhu@headout.com,COMPLETED,"The guest wants to cancel their booking — specifically, flight/train cancellation. The guest is calm and matter-of-fact, asks their question plainly and accepts a clear answer without much back-and-forth.",TRUE,COMPLETED,FALSE,FALSE,TRUE,1262,2462,3662,2026-09-07T14:00:00Z,,,,FALSE,TRUE,FALSE,30 minutes,FALSE,NOT_EXTENDABLE,500162,VREF-1162,Universal Studios Hollywood,Michael Lee,3,SEC-40100062,VENDOR_API,,Guided Tour,34.1381,-118.3534,"100 Universal City Plaza, Universal City, CA 91608, USA",Meet your guide at the designated meeting point 15 minutes before the tour starts. Look for the guide holding a red umbrella.,FIXED_START_FIXED_DURATION,7100062,SECITIN-7100062,BARCODE_CODE_39,,,Cancellation Request,Customer Related,Flight/train Cancellation,okay
80100063,shreyank.prabhu@headout.com,COMPLETED,"The guest wants to cancel their booking — specifically, wrong date. The guest is annoyed about the situation, pushes back once with a bit of edge if the first answer doesn't satisfy them, but stays civil.",FALSE,COMPLETED,FALSE,FALSE,FALSE,1263,2463,3663,2026-09-08T15:00:00Z,,,,FALSE,TRUE,FALSE,30 minutes,FALSE,NOT_EXTENDABLE,500163,VREF-1163,Eiffel Tower,Emily Green,4,SEC-40100063,VENDOR_API,,Skip-the-line Ticket,48.8584,2.2945,"Champ de Mars, 5 Ave Anatole France, 75007 Paris, France",Proceed directly to the priority entrance lane marked 'Skip-the-line'. Have your ID and e-ticket ready for scanning.,FIXED_START_FLEXIBLE_DURATION,7100063,SECITIN-7100063,HTML_URL,,,Cancellation Request,Headout Related,Wrong Date,frustrated
80100064,shreyank.prabhu@headout.com,COMPLETED,"The guest wants to cancel their booking — specifically, wrong time. The guest is calm and matter-of-fact, asks their question plainly and accepts a clear answer without much back-and-forth.",TRUE,COMPLETED,FALSE,FALSE,TRUE,1264,2464,3664,2026-09-09T16:00:00Z,,,,FALSE,FALSE,FALSE,30 minutes,FALSE,NOT_EXTENDABLE,500164,VREF-1164,Statue of Liberty,Christopher Roberts,5,SEC-40100064,VENDOR_API,,VIP Access,40.6892,-74.0445,"New York, NY 10004, USA",Please use the VIP entrance located on the east side of the building. Present your voucher to the VIP concierge for immediate assistance.,FIXED_START_FLEXIBLE_DURATION,7100064,SECITIN-7100064,WALLET_PASS,,,Cancellation Request,Headout Related,Wrong Time,okay
80100065,shreyank.prabhu@headout.com,COMPLETED,"The guest ran into a problem paying for their booking — specifically, sift/fingerprint block. The guest is annoyed about the situation, pushes back once with a bit of edge if the first answer doesn't satisfy them, but stays civil.",FALSE,COMPLETED,FALSE,FALSE,FALSE,1265,2465,3665,2026-09-10T17:00:00Z,,,,FALSE,TRUE,FALSE,30 minutes,FALSE,NOT_EXTENDABLE,500165,VREF-1165,Louvre Museum,Ashley Jackson,1,SEC-40100065,VENDOR_API,,Direct Entry Ticket,48.8606,2.3376,"Rue de Rivoli, 75001 Paris, France",Please present this e-ticket at the main entrance turnstiles. Ensure the barcode is clearly visible on your mobile device. No need to print.,FIXED_START_FLEXIBLE_DURATION,7100065,SECITIN-7100065,PDF_URL,,,Payment Failure,Sift/fingerprint Block,,frustrated
80100066,shreyank.prabhu@headout.com,COMPLETED,"The guest wants to cancel their booking — specifically, change of plans. The guest is annoyed about the situation, pushes back once with a bit of edge if the first answer doesn't satisfy them, but stays civil.",FALSE,COMPLETED,FALSE,FALSE,FALSE,1266,2466,3666,2026-09-11T18:00:00Z,,,,FALSE,TRUE,FALSE,30 minutes,FALSE,NOT_EXTENDABLE,500166,VREF-1166,Burj Khalifa,Matthew Rodriguez,2,SEC-40100066,VENDOR_API,,Ticket with Audioguide,25.1972,55.2744,1 Sheikh Mohammed bin Rashid Blvd - Downtown Dubai - Dubai - United Arab Emirates,Head to the audio guide desk located past the security check. Show this voucher to collect your device and headphones.,FLEXIBLE_START_FLEXIBLE_DURATION,7100066,SECITIN-7100066,QR_CODE,,,Cancellation Request,Customer Related,Change Of Plans,frustrated
80100067,shreyank.prabhu@headout.com,PENDING,"The guest wants to cancel their booking — specifically, inventory issues. The guest is calm and matter-of-fact, asks their question plainly and accepts a clear answer without much back-and-forth.",TRUE,PENDING,FALSE,FALSE,TRUE,1267,2467,3667,2026-09-12T19:00:00Z,,SENT,,FALSE,FALSE,FALSE,30 minutes,FALSE,NOT_EXTENDABLE,500167,VREF-1167,Sydney Opera House,Amanda Walker,3,SEC-40100067,VENDOR_API,,Guided Tour,-33.8568,151.2153,"Bennelong Point, Sydney NSW 2000, Australia",Meet your guide at the designated meeting point 15 minutes before the tour starts. Look for the guide holding a red umbrella.,FIXED_START_FLEXIBLE_DURATION,7100067,SECITIN-7100067,TEXT,,,Cancellation Request,Headout Related,Inventory Issues,okay
80100068,shreyank.prabhu@headout.com,COMPLETED,"The guest still hasn't received their tickets and wants an update — specifically, guest names are missing. The guest is calm and matter-of-fact, asks their question plainly and accepts a clear answer without much back-and-forth.",FALSE,COMPLETED,FALSE,FALSE,FALSE,1268,2468,3668,2026-09-13T20:00:00Z,,,,FALSE,TRUE,FALSE,30 minutes,FALSE,NOT_EXTENDABLE,500168,VREF-1168,Taj Mahal,Joshua Mitchell,4,SEC-40100068,VENDOR_API,,Skip-the-line Ticket,27.1751,78.0421,"Dharmapuri, Forest Colony, Tajganj, Agra, Uttar Pradesh 282001, India",Proceed directly to the priority entrance lane marked 'Skip-the-line'. Have your ID and e-ticket ready for scanning.,FLEXIBLE_START_FLEXIBLE_DURATION,7100068,SECITIN-7100068,BARCODE_CODE_128,,,Delay Fulfilment,Ticket Related Issues,Guest Names Are Missing,okay
80100069,shreyank.prabhu@headout.com,COMPLETED,"The guest has a general question before or after booking — specifically, trust. The guest is annoyed about the situation, pushes back once with a bit of edge if the first answer doesn't satisfy them, but stays civil.",FALSE,COMPLETED,FALSE,FALSE,FALSE,1269,2469,3669,2026-09-14T21:00:00Z,,,,FALSE,TRUE,FALSE,30 minutes,FALSE,NOT_EXTENDABLE,500169,VREF-1169,Sagrada Familia,Brittany Davis,5,SEC-40100069,VENDOR_API,,VIP Access,41.4036,2.1744,"C/ de Mallorca, 401, l'Eixample, 08013 Barcelona, Spain",Please use the VIP entrance located on the east side of the building. Present your voucher to the VIP concierge for immediate assistance.,FIXED_START_FIXED_DURATION,7100069,SECITIN-7100069,BARCODE_UPC_A,,,General Information,Trust,,frustrated
80100070,shreyank.prabhu@headout.com,COMPLETED,"The guest is asking about a refund — specifically, inclusions not met in the experience. The guest is calm and matter-of-fact, asks their question plainly and accepts a clear answer without much back-and-forth.",FALSE,COMPLETED,FALSE,FALSE,FALSE,1270,2470,3670,2026-09-15T22:00:00Z,,,,FALSE,TRUE,TRUE,30 minutes,FALSE,NOT_EXTENDABLE,500170,VREF-1170,The Colosseum,William Robinson,1,SEC-40100070,VENDOR_API,,Direct Entry Ticket,41.8902,12.4922,"Piazza del Colosseo, 1, 00184 Roma RM, Italy",Please present this e-ticket at the main entrance turnstiles. Ensure the barcode is clearly visible on your mobile device. No need to print.,FIXED_START_FLEXIBLE_DURATION,7100070,SECITIN-7100070,BARCODE_UPC_A,,,Refund Related,Refund Request,Inclusions Not Met In The Experience,okay
80100071,shreyank.prabhu@headout.com,CANCELLED,"The guest has a question about their Reserve Now, Pay Later booking. The guest is annoyed about the situation, pushes back once with a bit of edge if the first answer doesn't satisfy them, but stays civil.",FALSE,CANCELLED,FALSE,FALSE,FALSE,1271,2471,3671,2026-09-16T23:00:00Z,123456740100071,,,FALSE,TRUE,FALSE,30 minutes,FALSE,NOT_EXTENDABLE,500171,VREF-1171,Vatican Museums,Megan Harris,2,SEC-40100071,VENDOR_API,,Ticket with Audioguide,41.9065,12.4536,00120 Vatican City,Head to the audio guide desk located past the security check. Show this voucher to collect your device and headphones.,FIXED_START_FIXED_DURATION,7100071,SECITIN-7100071,BARCODE_UPC_A,,,Reserve Now Pay Later,,,frustrated
80100072,shreyank.prabhu@headout.com,COMPLETED,"The guest has a question about how to redeem their ticket — specifically, already redeemed tickets. The guest is annoyed about the situation, pushes back once with a bit of edge if the first answer doesn't satisfy them, but stays civil.",FALSE,COMPLETED,FALSE,FALSE,FALSE,1272,2472,3672,2026-09-17T00:00:00Z,,,,FALSE,TRUE,TRUE,30 minutes,FALSE,NOT_EXTENDABLE,500172,VREF-1172,Universal Studios Hollywood,David Nelson,3,SEC-40100072,VENDOR_API,,Guided Tour,34.1381,-118.3534,"100 Universal City Plaza, Universal City, CA 91608, USA",Meet your guide at the designated meeting point 15 minutes before the tour starts. Look for the guide holding a red umbrella.,FLEXIBLE_START_FLEXIBLE_DURATION,7100072,SECITIN-7100072,BARCODE_CODE_39,,,Ticket Redemption Details,Customer Complaint,Already Redeemed Tickets,frustrated
80100073,shreyank.prabhu@headout.com,COMPLETED,"The guest has a question about how to redeem their ticket — specifically, others. The guest is annoyed about the situation, pushes back once with a bit of edge if the first answer doesn't satisfy them, but stays civil.",FALSE,COMPLETED,FALSE,FALSE,FALSE,1273,2473,3673,2026-09-18T01:00:00Z,,,,FALSE,TRUE,FALSE,30 minutes,FALSE,NOT_EXTENDABLE,500173,VREF-1173,Eiffel Tower,Rachel Smith,4,SEC-40100073,VENDOR_API,,Skip-the-line Ticket,48.8584,2.2945,"Champ de Mars, 5 Ave Anatole France, 75007 Paris, France",Proceed directly to the priority entrance lane marked 'Skip-the-line'. Have your ID and e-ticket ready for scanning.,FLEXIBLE_START_FLEXIBLE_DURATION,7100073,SECITIN-7100073,HTML_URL,,,Ticket Redemption Details,Others,,frustrated
80100074,shreyank.prabhu@headout.com,PENDING,"The guest wants to cancel their booking — specifically, wrong pax. The guest is annoyed about the situation, pushes back once with a bit of edge if the first answer doesn't satisfy them, but stays civil.",FALSE,PENDING,FALSE,FALSE,FALSE,1274,2474,3674,2026-09-19T02:00:00Z,,,,FALSE,TRUE,FALSE,30 minutes,FALSE,NOT_EXTENDABLE,500174,VREF-1174,Statue of Liberty,James Thomas,5,SEC-40100074,VENDOR_API,,VIP Access,40.6892,-74.0445,"New York, NY 10004, USA",Please use the VIP entrance located on the east side of the building. Present your voucher to the VIP concierge for immediate assistance.,FIXED_START_FIXED_DURATION,7100074,SECITIN-7100074,WALLET_PASS,,,Cancellation Request,Headout Related,Wrong Pax,frustrated
80100075,shreyank.prabhu@headout.com,CANCELLED,"The guest has a general question before or after booking — specifically, creator collab. The guest is annoyed about the situation, pushes back once with a bit of edge if the first answer doesn't satisfy them, but stays civil.",FALSE,CANCELLED,FALSE,FALSE,FALSE,1275,2475,3675,2026-09-20T03:00:00Z,123456740100075,,,FALSE,TRUE,FALSE,30 minutes,FALSE,NOT_EXTENDABLE,500175,VREF-1175,Louvre Museum,Samantha Thompson,1,SEC-40100075,VENDOR_API,,Direct Entry Ticket,48.8606,2.3376,"Rue de Rivoli, 75001 Paris, France",Please present this e-ticket at the main entrance turnstiles. Ensure the barcode is clearly visible on your mobile device. No need to print.,FIXED_START_FIXED_DURATION,7100075,SECITIN-7100075,PDF_URL,,,General Information,Creator Collab,,frustrated
80100076,shreyank.prabhu@headout.com,COMPLETED,"The guest has a general question before or after booking — specifically, tour comparison. The guest is calm and matter-of-fact, asks their question plainly and accepts a clear answer without much back-and-forth.",FALSE,COMPLETED,FALSE,FALSE,FALSE,1276,2476,3676,2026-09-21T04:00:00Z,,,,FALSE,TRUE,FALSE,30 minutes,FALSE,NOT_EXTENDABLE,500176,VREF-1176,Burj Khalifa,Daniel Adams,2,SEC-40100076,VENDOR_API,,Ticket with Audioguide,25.1972,55.2744,1 Sheikh Mohammed bin Rashid Blvd - Downtown Dubai - Dubai - United Arab Emirates,Head to the audio guide desk located past the security check. Show this voucher to collect your device and headphones.,FIXED_START_FIXED_DURATION,7100076,SECITIN-7100076,QR_CODE,,,General Information,Tour Comparison,,okay
80100077,shreyank.prabhu@headout.com,COMPLETED,"The guest wants to modify details on their booking — specifically, change of plans. The guest is annoyed about the situation, pushes back once with a bit of edge if the first answer doesn't satisfy them, but stays civil.",FALSE,COMPLETED,FALSE,FALSE,FALSE,1277,2477,3677,2026-09-22T05:00:00Z,,,,FALSE,TRUE,FALSE,30 minutes,FALSE,NOT_EXTENDABLE,500177,VREF-1177,Sydney Opera House,Sarah Turner,3,SEC-40100077,VENDOR_API,,Guided Tour,-33.8568,151.2153,"Bennelong Point, Sydney NSW 2000, Australia",Meet your guide at the designated meeting point 15 minutes before the tour starts. Look for the guide holding a red umbrella.,FIXED_START_FIXED_DURATION,7100077,SECITIN-7100077,TEXT,,,Modification Request,Customer Related,Change Of Plans,frustrated
80100078,shreyank.prabhu@headout.com,COMPLETED,"The guest wants to modify details on their booking — specifically, change of plans. The guest is relaxed and upbeat, quick to accept whatever the agent says and thanks them warmly once it's sorted.",FALSE,COMPLETED,FALSE,TRUE,FALSE,1278,2478,3678,2026-09-23T06:00:00Z,,,,FALSE,TRUE,FALSE,30 minutes,FALSE,NOT_EXTENDABLE,500178,VREF-1178,Taj Mahal,Andrew Brown,4,SEC-40100078,VENDOR_API,,Skip-the-line Ticket,27.1751,78.0421,"Dharmapuri, Forest Colony, Tajganj, Agra, Uttar Pradesh 282001, India",Proceed directly to the priority entrance lane marked 'Skip-the-line'. Have your ID and e-ticket ready for scanning.,FIXED_START_FIXED_DURATION,7100078,SECITIN-7100078,BARCODE_CODE_128,,,Modification Request,Customer Related,Change Of Plans,happy
80100079,shreyank.prabhu@headout.com,COMPLETED,"The guest wants to modify details on their booking — specifically, didn't get tickets. The guest is annoyed about the situation, pushes back once with a bit of edge if the first answer doesn't satisfy them, but stays civil.",FALSE,COMPLETED,FALSE,FALSE,FALSE,1279,2479,3679,2026-09-24T07:00:00Z,,,,FALSE,FALSE,TRUE,30 minutes,FALSE,NOT_EXTENDABLE,500179,VREF-1179,Sagrada Familia,Jessica Lewis,5,SEC-40100079,VENDOR_API,,VIP Access,41.4036,2.1744,"C/ de Mallorca, 401, l'Eixample, 08013 Barcelona, Spain",Please use the VIP entrance located on the east side of the building. Present your voucher to the VIP concierge for immediate assistance.,FIXED_START_FLEXIBLE_DURATION,7100079,SECITIN-7100079,BARCODE_UPC_A,,,Modification Request,Customer Related,Didn T Get Tickets,frustrated
80100080,shreyank.prabhu@headout.com,PENDING,"The guest wants to cancel their booking — specifically, didn't get tickets. The guest is calm and matter-of-fact, asks their question plainly and accepts a clear answer without much back-and-forth.",TRUE,PENDING,FALSE,FALSE,TRUE,1280,2480,3680,2026-09-25T08:00:00Z,,,,FALSE,TRUE,TRUE,30 minutes,FALSE,NOT_EXTENDABLE,500180,VREF-1180,The Colosseum,Ryan Scott,1,SEC-40100080,VENDOR_API,,Direct Entry Ticket,41.8902,12.4922,"Piazza del Colosseo, 1, 00184 Roma RM, Italy",Please present this e-ticket at the main entrance turnstiles. Ensure the barcode is clearly visible on your mobile device. No need to print.,FLEXIBLE_START_FIXED_DURATION,7100080,SECITIN-7100080,BARCODE_UPC_A,,,Cancellation Request,Customer Related,Didn T Get Tickets,okay
80100081,shreyank.prabhu@headout.com,PENDING,"The guest wants to cancel their booking — specifically, inventory issues. The guest is annoyed about the situation, pushes back once with a bit of edge if the first answer doesn't satisfy them, but stays civil.",FALSE,PENDING,FALSE,FALSE,FALSE,1281,2481,3681,2026-09-26T09:00:00Z,,,,FALSE,TRUE,TRUE,30 minutes,FALSE,NOT_EXTENDABLE,500181,VREF-1181,Vatican Museums,Melissa Perez,2,SEC-40100081,VENDOR_API,,Ticket with Audioguide,41.9065,12.4536,00120 Vatican City,Head to the audio guide desk located past the security check. Show this voucher to collect your device and headphones.,FLEXIBLE_START_FLEXIBLE_DURATION,7100081,SECITIN-7100081,BARCODE_UPC_A,,,Cancellation Request,Headout Related,Inventory Issues,frustrated
80100082,shreyank.prabhu@headout.com,COMPLETED,"The guest wants to cancel their booking — specifically, strike/venue closure. The guest is calm and matter-of-fact, asks their question plainly and accepts a clear answer without much back-and-forth.",TRUE,COMPLETED,FALSE,FALSE,TRUE,1282,2482,3682,2026-09-27T10:00:00Z,,,,FALSE,TRUE,TRUE,30 minutes,FALSE,UNTIL_DATE,500182,VREF-1182,Universal Studios Hollywood,Kevin Taylor,3,SEC-40100082,VENDOR_API,,Guided Tour,34.1381,-118.3534,"100 Universal City Plaza, Universal City, CA 91608, USA",Meet your guide at the designated meeting point 15 minutes before the tour starts. Look for the guide holding a red umbrella.,FLEXIBLE_START_FLEXIBLE_DURATION,7100082,SECITIN-7100082,BARCODE_CODE_39,2027-03-01,30,Cancellation Request,Sp Related,Strike/venue Closure,okay
80100083,shreyank.prabhu@headout.com,PENDING,"The guest still hasn't received their tickets and wants an update — specifically, SP dependency. The guest is upset and impatient from the first message, pushes back firmly at least twice, and threatens to ask for a supervisor if the agent doesn't resolve it quickly.",FALSE,PENDING,FALSE,FALSE,FALSE,1283,2483,3683,2026-09-28T11:00:00Z,,,,FALSE,TRUE,TRUE,30 minutes,FALSE,NOT_EXTENDABLE,500183,VREF-1183,Eiffel Tower,Danielle Clark,4,SEC-40100083,VENDOR_API,,Skip-the-line Ticket,48.8584,2.2945,"Champ de Mars, 5 Ave Anatole France, 75007 Paris, France",Proceed directly to the priority entrance lane marked 'Skip-the-line'. Have your ID and e-ticket ready for scanning.,FLEXIBLE_START_FLEXIBLE_DURATION,7100083,SECITIN-7100083,HTML_URL,,,Delay Fulfilment,Delay,Sp Dependency,angry
80100084,shreyank.prabhu@headout.com,CANCELLED,"The guest has a general question before or after booking — specifically, seat availability. The guest is annoyed about the situation, pushes back once with a bit of edge if the first answer doesn't satisfy them, but stays civil.",FALSE,CANCELLED,FALSE,FALSE,FALSE,1284,2484,3684,2026-09-01T12:00:00Z,123456740100084,SENT,,FALSE,TRUE,TRUE,30 minutes,FALSE,NOT_EXTENDABLE,500184,VREF-1184,Statue of Liberty,Brian White,5,SEC-40100084,VENDOR_API,,VIP Access,40.6892,-74.0445,"New York, NY 10004, USA",Please use the VIP entrance located on the east side of the building. Present your voucher to the VIP concierge for immediate assistance.,FLEXIBLE_START_FLEXIBLE_DURATION,7100084,SECITIN-7100084,WALLET_PASS,,,General Information,Experience Related,Seat Availability,frustrated
80100085,shreyank.prabhu@headout.com,COMPLETED,"The guest has a general question before or after booking — specifically, others. The guest is annoyed about the situation, pushes back once with a bit of edge if the first answer doesn't satisfy them, but stays civil.",FALSE,COMPLETED,FALSE,FALSE,FALSE,1285,2485,3685,2026-09-02T13:00:00Z,,,,FALSE,TRUE,FALSE,30 minutes,FALSE,NOT_EXTENDABLE,500185,VREF-1185,Louvre Museum,Kimberly Carter,1,SEC-40100085,VENDOR_API,,Direct Entry Ticket,48.8606,2.3376,"Rue de Rivoli, 75001 Paris, France",Please present this e-ticket at the main entrance turnstiles. Ensure the barcode is clearly visible on your mobile device. No need to print.,FIXED_START_FLEXIBLE_DURATION,7100085,SECITIN-7100085,PDF_URL,,,General Information,Pricing Related,Others,frustrated
80100086,shreyank.prabhu@headout.com,COMPLETED,"The guest has a general question before or after booking — specifically, unsubscribe/delete account. The guest is annoyed about the situation, pushes back once with a bit of edge if the first answer doesn't satisfy them, but stays civil.",FALSE,COMPLETED,FALSE,FALSE,FALSE,1286,2486,3686,2026-09-03T14:00:00Z,,,,FALSE,TRUE,FALSE,30 minutes,FALSE,NOT_EXTENDABLE,500186,VREF-1186,Burj Khalifa,Timothy Johnson,2,SEC-40100086,VENDOR_API,,Ticket with Audioguide,25.1972,55.2744,1 Sheikh Mohammed bin Rashid Blvd - Downtown Dubai - Dubai - United Arab Emirates,Head to the audio guide desk located past the security check. Show this voucher to collect your device and headphones.,FIXED_START_FLEXIBLE_DURATION,7100086,SECITIN-7100086,QR_CODE,,,General Information,Unsubscribe/delete Account,,frustrated
80100087,shreyank.prabhu@headout.com,COMPLETED,"The guest wants to modify details on their booking — specifically, others. The guest is annoyed about the situation, pushes back once with a bit of edge if the first answer doesn't satisfy them, but stays civil.",FALSE,COMPLETED,FALSE,FALSE,FALSE,1287,2487,3687,2026-09-04T15:00:00Z,,,,FALSE,FALSE,FALSE,30 minutes,FALSE,NOT_EXTENDABLE,500187,VREF-1187,Sydney Opera House,Amy Martinez,3,SEC-40100087,VENDOR_API,,Guided Tour,-33.8568,151.2153,"Bennelong Point, Sydney NSW 2000, Australia",Meet your guide at the designated meeting point 15 minutes before the tour starts. Look for the guide holding a red umbrella.,FIXED_START_FIXED_DURATION,7100087,SECITIN-7100087,TEXT,,,Modification Request,Headout Related,Others,frustrated
80100088,shreyank.prabhu@headout.com,COMPLETED,"The guest wants to modify details on their booking — specifically, weather related. The guest is calm and matter-of-fact, asks their question plainly and accepts a clear answer without much back-and-forth.",FALSE,COMPLETED,FALSE,TRUE,FALSE,1288,2488,3688,2026-09-05T16:00:00Z,,,,FALSE,TRUE,TRUE,30 minutes,FALSE,NOT_EXTENDABLE,500188,VREF-1188,Taj Mahal,Jason Martin,4,SEC-40100088,VENDOR_API,,Skip-the-line Ticket,27.1751,78.0421,"Dharmapuri, Forest Colony, Tajganj, Agra, Uttar Pradesh 282001, India",Proceed directly to the priority entrance lane marked 'Skip-the-line'. Have your ID and e-ticket ready for scanning.,FIXED_START_FIXED_DURATION,7100088,SECITIN-7100088,BARCODE_CODE_128,,,Modification Request,Headout Related,Weather Related,okay
80100089,shreyank.prabhu@headout.com,COMPLETED,"The guest is asking about a refund — specifically, inclusions not met in the experience. The guest is annoyed about the situation, pushes back once with a bit of edge if the first answer doesn't satisfy them, but stays civil.",FALSE,COMPLETED,FALSE,FALSE,FALSE,1289,2489,3689,2026-09-06T17:00:00Z,,,,FALSE,TRUE,TRUE,30 minutes,FALSE,NOT_EXTENDABLE,500189,VREF-1189,Sagrada Familia,Rebecca Baker,5,SEC-40100089,VENDOR_API,,VIP Access,41.4036,2.1744,"C/ de Mallorca, 401, l'Eixample, 08013 Barcelona, Spain",Please use the VIP entrance located on the east side of the building. Present your voucher to the VIP concierge for immediate assistance.,FIXED_START_FIXED_DURATION,7100089,SECITIN-7100089,BARCODE_UPC_A,,,Refund Related,Refund Request,Inclusions Not Met In The Experience,frustrated
80100090,shreyank.prabhu@headout.com,COMPLETED,"The guest has a question about how to redeem their ticket — specifically, tech issues. The guest is annoyed about the situation, pushes back once with a bit of edge if the first answer doesn't satisfy them, but stays civil.",FALSE,COMPLETED,FALSE,FALSE,FALSE,1290,2490,3690,2026-09-07T18:00:00Z,,,,FALSE,TRUE,FALSE,30 minutes,FALSE,NOT_EXTENDABLE,500190,VREF-1190,The Colosseum,John Doe,1,SEC-40100090,VENDOR_API,,Direct Entry Ticket,41.8902,12.4922,"Piazza del Colosseo, 1, 00184 Roma RM, Italy",Please present this e-ticket at the main entrance turnstiles. Ensure the barcode is clearly visible on your mobile device. No need to print.,FIXED_START_FLEXIBLE_DURATION,7100090,SECITIN-7100090,BARCODE_UPC_A,,,Ticket Redemption Details,Audio Guide Related,Tech Issues,frustrated
80100091,shreyank.prabhu@headout.com,COMPLETED,"The guest has a question about how to redeem their ticket — specifically, tech issues. The guest is calm and matter-of-fact, asks their question plainly and accepts a clear answer without much back-and-forth.",FALSE,COMPLETED,FALSE,FALSE,FALSE,1291,2491,3691,2026-09-08T19:00:00Z,,,,FALSE,TRUE,TRUE,30 minutes,FALSE,NOT_EXTENDABLE,500191,VREF-1191,Vatican Museums,Jane Wilson,2,SEC-40100091,VENDOR_API,,Ticket with Audioguide,41.9065,12.4536,00120 Vatican City,Head to the audio guide desk located past the security check. Show this voucher to collect your device and headphones.,FIXED_START_FLEXIBLE_DURATION,7100091,SECITIN-7100091,BARCODE_UPC_A,,,Ticket Redemption Details,Audio Guide Related,Tech Issues,okay
80100092,shreyank.prabhu@headout.com,COMPLETED,"The guest has a question about how to redeem their ticket — specifically, inclusions/exclusions related. The guest is relaxed and upbeat, quick to accept whatever the agent says and thanks them warmly once it's sorted.",FALSE,COMPLETED,FALSE,FALSE,FALSE,1292,2492,3692,2026-09-09T20:00:00Z,,,,FALSE,TRUE,TRUE,30 minutes,FALSE,NOT_EXTENDABLE,500192,VREF-1192,Universal Studios Hollywood,Michael Lee,3,SEC-40100092,VENDOR_API,,Guided Tour,34.1381,-118.3534,"100 Universal City Plaza, Universal City, CA 91608, USA",Meet your guide at the designated meeting point 15 minutes before the tour starts. Look for the guide holding a red umbrella.,FLEXIBLE_START_FLEXIBLE_DURATION,7100092,SECITIN-7100092,BARCODE_CODE_39,,,Ticket Redemption Details,Inclusions/exclusions Related,,happy
80100093,shreyank.prabhu@headout.com,COMPLETED,"The guest has a question about how to redeem their ticket — specifically, others. The guest is relaxed and upbeat, quick to accept whatever the agent says and thanks them warmly once it's sorted.",FALSE,COMPLETED,FALSE,FALSE,FALSE,1293,2493,3693,2026-09-10T21:00:00Z,,,,FALSE,TRUE,FALSE,30 minutes,FALSE,NOT_EXTENDABLE,500193,VREF-1193,Eiffel Tower,Emily Green,4,SEC-40100093,VENDOR_API,,Skip-the-line Ticket,48.8584,2.2945,"Champ de Mars, 5 Ave Anatole France, 75007 Paris, France",Proceed directly to the priority entrance lane marked 'Skip-the-line'. Have your ID and e-ticket ready for scanning.,FLEXIBLE_START_FLEXIBLE_DURATION,7100093,SECITIN-7100093,HTML_URL,,,Ticket Redemption Details,Others,,happy
80100094,shreyank.prabhu@headout.com,PENDING,"The guest is following up on a booking that was already amended — specifically, tickets yet to recieve - alts selected. The guest is annoyed about the situation, pushes back once with a bit of edge if the first answer doesn't satisfy them, but stays civil.",FALSE,PENDING,FALSE,FALSE,FALSE,1294,2494,3694,2026-09-11T22:00:00Z,,NOT_SENT_FROM_BMS,,FALSE,TRUE,FALSE,30 minutes,FALSE,NOT_EXTENDABLE,500194,VREF-1194,Statue of Liberty,Christopher Roberts,5,SEC-40100094,VENDOR_API,,VIP Access,40.6892,-74.0445,"New York, NY 10004, USA",Please use the VIP entrance located on the east side of the building. Present your voucher to the VIP concierge for immediate assistance.,FIXED_START_FLEXIBLE_DURATION,7100094,SECITIN-7100094,WALLET_PASS,,,Amended Booking Response,Tickets Yet To Recieve - Alts Selected,,frustrated
80100095,shreyank.prabhu@headout.com,COMPLETED,"The guest wants to cancel their booking — specifically, booked twice. The guest is calm and matter-of-fact, asks their question plainly and accepts a clear answer without much back-and-forth.",TRUE,COMPLETED,FALSE,FALSE,TRUE,1295,2495,3695,2026-09-12T23:00:00Z,,,,FALSE,FALSE,FALSE,30 minutes,FALSE,NOT_EXTENDABLE,500195,VREF-1195,Louvre Museum,Ashley Jackson,1,SEC-40100095,VENDOR_API,,Direct Entry Ticket,48.8606,2.3376,"Rue de Rivoli, 75001 Paris, France",Please present this e-ticket at the main entrance turnstiles. Ensure the barcode is clearly visible on your mobile device. No need to print.,FIXED_START_FIXED_DURATION,7100095,SECITIN-7100095,PDF_URL,,,Cancellation Request,Customer Related,Booked Twice,okay
80100096,shreyank.prabhu@headout.com,COMPLETED,"The guest wants to cancel their booking — specifically, customer error. The guest is annoyed about the situation, pushes back once with a bit of edge if the first answer doesn't satisfy them, but stays civil.",FALSE,COMPLETED,FALSE,FALSE,FALSE,1296,2496,3696,2026-09-13T00:00:00Z,,,,FALSE,TRUE,TRUE,30 minutes,FALSE,NOT_EXTENDABLE,500196,VREF-1196,Burj Khalifa,Matthew Rodriguez,2,SEC-40100096,VENDOR_API,,Ticket with Audioguide,25.1972,55.2744,1 Sheikh Mohammed bin Rashid Blvd - Downtown Dubai - Dubai - United Arab Emirates,Head to the audio guide desk located past the security check. Show this voucher to collect your device and headphones.,FIXED_START_FLEXIBLE_DURATION,7100096,SECITIN-7100096,QR_CODE,,,Cancellation Request,Customer Related,Customer Error,frustrated
80100097,shreyank.prabhu@headout.com,COMPLETED,"The guest wants to cancel their booking — specifically, didn't get tickets. The guest is annoyed about the situation, pushes back once with a bit of edge if the first answer doesn't satisfy them, but stays civil.",FALSE,COMPLETED,FALSE,FALSE,FALSE,1297,2497,3697,2026-09-14T01:00:00Z,,,,FALSE,TRUE,FALSE,30 minutes,FALSE,NOT_EXTENDABLE,500197,VREF-1197,Sydney Opera House,Amanda Walker,3,SEC-40100097,VENDOR_API,,Guided Tour,-33.8568,151.2153,"Bennelong Point, Sydney NSW 2000, Australia",Meet your guide at the designated meeting point 15 minutes before the tour starts. Look for the guide holding a red umbrella.,FIXED_START_FLEXIBLE_DURATION,7100097,SECITIN-7100097,TEXT,,,Cancellation Request,Customer Related,Didn T Get Tickets,frustrated
80100098,shreyank.prabhu@headout.com,COMPLETED,"The guest wants to cancel their booking — specifically, flight/train cancellation. The guest is annoyed about the situation, pushes back once with a bit of edge if the first answer doesn't satisfy them, but stays civil.",FALSE,COMPLETED,FALSE,FALSE,FALSE,1298,2498,3698,2026-09-15T02:00:00Z,,,,FALSE,TRUE,TRUE,30 minutes,FALSE,NOT_EXTENDABLE,500198,VREF-1198,Taj Mahal,Joshua Mitchell,4,SEC-40100098,VENDOR_API,,Skip-the-line Ticket,27.1751,78.0421,"Dharmapuri, Forest Colony, Tajganj, Agra, Uttar Pradesh 282001, India",Proceed directly to the priority entrance lane marked 'Skip-the-line'. Have your ID and e-ticket ready for scanning.,FIXED_START_FIXED_DURATION,7100098,SECITIN-7100098,BARCODE_CODE_128,,,Cancellation Request,Customer Related,Flight/train Cancellation,frustrated
80100099,shreyank.prabhu@headout.com,COMPLETED,"The guest wants to cancel their booking — specifically, found cheaper options. The guest is annoyed about the situation, pushes back once with a bit of edge if the first answer doesn't satisfy them, but stays civil.",FALSE,COMPLETED,FALSE,FALSE,FALSE,1299,2499,3699,2026-09-16T03:00:00Z,,,,FALSE,TRUE,FALSE,30 minutes,FALSE,NOT_EXTENDABLE,500199,VREF-1199,Sagrada Familia,Brittany Davis,5,SEC-40100099,VENDOR_API,,VIP Access,41.4036,2.1744,"C/ de Mallorca, 401, l'Eixample, 08013 Barcelona, Spain",Please use the VIP entrance located on the east side of the building. Present your voucher to the VIP concierge for immediate assistance.,FLEXIBLE_START_FLEXIBLE_DURATION,7100099,SECITIN-7100099,BARCODE_UPC_A,,,Cancellation Request,Customer Related,Found Cheaper Options,frustrated
80100100,shreyank.prabhu@headout.com,COMPLETED,"The guest wants to cancel their booking — specifically, invalid tickets. The guest is calm and matter-of-fact, asks their question plainly and accepts a clear answer without much back-and-forth.",TRUE,COMPLETED,FALSE,FALSE,TRUE,1300,2500,3700,2026-09-17T04:00:00Z,,,,FALSE,TRUE,TRUE,30 minutes,FALSE,NOT_EXTENDABLE,500200,VREF-1200,The Colosseum,William Robinson,1,SEC-40100100,VENDOR_API,,Direct Entry Ticket,41.8902,12.4922,"Piazza del Colosseo, 1, 00184 Roma RM, Italy",Please present this e-ticket at the main entrance turnstiles. Ensure the barcode is clearly visible on your mobile device. No need to print.,FLEXIBLE_START_FLEXIBLE_DURATION,7100100,SECITIN-7100100,BARCODE_UPC_A,,,Cancellation Request,Headout Related,Invalid Tickets,okay
80100101,shreyank.prabhu@headout.com,COMPLETED,"The guest wants to cancel their booking — specifically, weather related. The guest is calm and matter-of-fact, asks their question plainly and accepts a clear answer without much back-and-forth.",TRUE,COMPLETED,FALSE,FALSE,TRUE,1301,2501,3701,2026-09-18T05:00:00Z,,,,FALSE,TRUE,TRUE,30 minutes,FALSE,NOT_EXTENDABLE,500201,VREF-1201,Vatican Museums,Megan Harris,2,SEC-40100101,VENDOR_API,,Ticket with Audioguide,41.9065,12.4536,00120 Vatican City,Head to the audio guide desk located past the security check. Show this voucher to collect your device and headphones.,FLEXIBLE_START_FLEXIBLE_DURATION,7100101,SECITIN-7100101,BARCODE_UPC_A,,,Cancellation Request,Headout Related,Weather Related,okay
80100102,shreyank.prabhu@headout.com,COMPLETED,"The guest wants to cancel their booking — specifically, wrong date. The guest is upset and impatient from the first message, pushes back firmly at least twice, and threatens to ask for a supervisor if the agent doesn't resolve it quickly.",FALSE,COMPLETED,FALSE,FALSE,FALSE,1302,2502,3702,2026-09-19T06:00:00Z,,,,FALSE,TRUE,FALSE,30 minutes,FALSE,NOT_EXTENDABLE,500202,VREF-1202,Universal Studios Hollywood,David Nelson,3,SEC-40100102,VENDOR_API,,Guided Tour,34.1381,-118.3534,"100 Universal City Plaza, Universal City, CA 91608, USA",Meet your guide at the designated meeting point 15 minutes before the tour starts. Look for the guide holding a red umbrella.,FIXED_START_FLEXIBLE_DURATION,7100102,SECITIN-7100102,BARCODE_CODE_39,,,Cancellation Request,Headout Related,Wrong Date,angry
80100103,shreyank.prabhu@headout.com,PENDING,"The guest still hasn't received their tickets and wants an update — specifically, customer dependency. The guest is calm and matter-of-fact, asks their question plainly and accepts a clear answer without much back-and-forth.",FALSE,PENDING,FALSE,FALSE,FALSE,1303,2503,3703,2026-09-20T07:00:00Z,,,,FALSE,TRUE,FALSE,30 minutes,FALSE,NOT_EXTENDABLE,500203,VREF-1203,Eiffel Tower,Rachel Smith,4,SEC-40100103,VENDOR_API,,Skip-the-line Ticket,48.8584,2.2945,"Champ de Mars, 5 Ave Anatole France, 75007 Paris, France",Proceed directly to the priority entrance lane marked 'Skip-the-line'. Have your ID and e-ticket ready for scanning.,FLEXIBLE_START_FLEXIBLE_DURATION,7100103,SECITIN-7100103,HTML_URL,,,Delay Fulfilment,Delay,Customer Dependency,okay
80100104,shreyank.prabhu@headout.com,PENDING,"The guest still hasn't received their tickets and wants an update — specifically, inventory issue. The guest is annoyed about the situation, pushes back once with a bit of edge if the first answer doesn't satisfy them, but stays civil.",FALSE,PENDING,FALSE,FALSE,FALSE,1304,2504,3704,2026-09-21T08:00:00Z,,SENT,,FALSE,TRUE,FALSE,30 minutes,FALSE,NOT_EXTENDABLE,500204,VREF-1204,Statue of Liberty,James Thomas,5,SEC-40100104,VENDOR_API,,VIP Access,40.6892,-74.0445,"New York, NY 10004, USA",Please use the VIP entrance located on the east side of the building. Present your voucher to the VIP concierge for immediate assistance.,FIXED_START_FIXED_DURATION,7100104,SECITIN-7100104,WALLET_PASS,,,Delay Fulfilment,Delay,Inventory Issue,frustrated
80100105,shreyank.prabhu@headout.com,COMPLETED,"The guest still hasn't received their tickets and wants an update — specifically, booked with wrong email. The guest is annoyed about the situation, pushes back once with a bit of edge if the first answer doesn't satisfy them, but stays civil.",FALSE,COMPLETED,FALSE,FALSE,FALSE,1305,2505,3705,2026-09-22T09:00:00Z,,,,FALSE,TRUE,FALSE,30 minutes,FALSE,NOT_EXTENDABLE,500205,VREF-1205,Louvre Museum,Samantha Thompson,1,SEC-40100105,VENDOR_API,,Direct Entry Ticket,48.8606,2.3376,"Rue de Rivoli, 75001 Paris, France",Please present this e-ticket at the main entrance turnstiles. Ensure the barcode is clearly visible on your mobile device. No need to print.,FIXED_START_FIXED_DURATION,7100105,SECITIN-7100105,PDF_URL,,,Delay Fulfilment,Ticket Related Issues,Booked With Wrong Email,frustrated
80100106,shreyank.prabhu@headout.com,CANCELLED,"The guest has a general question before or after booking — specifically, creator collab. The guest is upset and impatient from the first message, pushes back firmly at least twice, and threatens to ask for a supervisor if the agent doesn't resolve it quickly.",FALSE,CANCELLED,FALSE,FALSE,FALSE,1306,2506,3706,2026-09-23T10:00:00Z,123456740100106,,,FALSE,TRUE,FALSE,30 minutes,FALSE,NOT_EXTENDABLE,500206,VREF-1206,Burj Khalifa,Daniel Adams,2,SEC-40100106,VENDOR_API,,Ticket with Audioguide,25.1972,55.2744,1 Sheikh Mohammed bin Rashid Blvd - Downtown Dubai - Dubai - United Arab Emirates,Head to the audio guide desk located past the security check. Show this voucher to collect your device and headphones.,FLEXIBLE_START_FLEXIBLE_DURATION,7100106,SECITIN-7100106,QR_CODE,,,General Information,Creator Collab,,angry
80100107,shreyank.prabhu@headout.com,COMPLETED,"The guest has a general question before or after booking — specifically, conversion fee. The guest is calm and matter-of-fact, asks their question plainly and accepts a clear answer without much back-and-forth.",FALSE,COMPLETED,FALSE,FALSE,FALSE,1307,2507,3707,2026-09-24T11:00:00Z,,,,FALSE,FALSE,FALSE,30 minutes,FALSE,NOT_EXTENDABLE,500207,VREF-1207,Sydney Opera House,Sarah Turner,3,SEC-40100107,VENDOR_API,,Guided Tour,-33.8568,151.2153,"Bennelong Point, Sydney NSW 2000, Australia",Meet your guide at the designated meeting point 15 minutes before the tour starts. Look for the guide holding a red umbrella.,FLEXIBLE_START_FLEXIBLE_DURATION,7100107,SECITIN-7100107,TEXT,,,General Information,Pricing Related,Conversion Fee,okay
80100108,shreyank.prabhu@headout.com,COMPLETED,"The guest wants to modify details on their booking — specifically, name change request. The guest is relaxed and upbeat, quick to accept whatever the agent says and thanks them warmly once it's sorted.",FALSE,COMPLETED,FALSE,TRUE,FALSE,1308,2508,3708,2026-09-25T12:00:00Z,,,,FALSE,TRUE,FALSE,30 minutes,FALSE,NOT_EXTENDABLE,500208,VREF-1208,Taj Mahal,Andrew Brown,4,SEC-40100108,VENDOR_API,,Skip-the-line Ticket,27.1751,78.0421,"Dharmapuri, Forest Colony, Tajganj, Agra, Uttar Pradesh 282001, India",Proceed directly to the priority entrance lane marked 'Skip-the-line'. Have your ID and e-ticket ready for scanning.,FIXED_START_FIXED_DURATION,7100108,SECITIN-7100108,BARCODE_CODE_128,,,Modification Request,Customer Related,Name Change Request,happy
80100109,shreyank.prabhu@headout.com,PENDING,"The guest wants to modify details on their booking — specifically, inventory issues. The guest is calm and matter-of-fact, asks their question plainly and accepts a clear answer without much back-and-forth.",FALSE,PENDING,FALSE,TRUE,FALSE,1309,2509,3709,2026-09-26T13:00:00Z,,SENT,,FALSE,FALSE,FALSE,30 minutes,FALSE,NOT_EXTENDABLE,500209,VREF-1209,Sagrada Familia,Jessica Lewis,5,SEC-40100109,VENDOR_API,,VIP Access,41.4036,2.1744,"C/ de Mallorca, 401, l'Eixample, 08013 Barcelona, Spain",Please use the VIP entrance located on the east side of the building. Present your voucher to the VIP concierge for immediate assistance.,FIXED_START_FLEXIBLE_DURATION,7100109,SECITIN-7100109,BARCODE_UPC_A,,,Modification Request,Headout Related,Inventory Issues,okay
80100110,shreyank.prabhu@headout.com,COMPLETED,"The guest has a question about how to redeem their ticket — specifically, inclusions/exclusions related. The guest is annoyed about the situation, pushes back once with a bit of edge if the first answer doesn't satisfy them, but stays civil.",FALSE,COMPLETED,FALSE,FALSE,FALSE,1310,2510,3710,2026-09-27T14:00:00Z,,,,FALSE,TRUE,FALSE,30 minutes,FALSE,NOT_EXTENDABLE,500210,VREF-1210,The Colosseum,Ryan Scott,1,SEC-40100110,VENDOR_API,,Direct Entry Ticket,41.8902,12.4922,"Piazza del Colosseo, 1, 00184 Roma RM, Italy",Please present this e-ticket at the main entrance turnstiles. Ensure the barcode is clearly visible on your mobile device. No need to print.,FIXED_START_FIXED_DURATION,7100110,SECITIN-7100110,BARCODE_UPC_A,,,Ticket Redemption Details,Inclusions/exclusions Related,,frustrated
80100111,shreyank.prabhu@headout.com,COMPLETED,"The guest has a question about how to redeem their ticket — specifically, meeting point details requested. The guest is annoyed about the situation, pushes back once with a bit of edge if the first answer doesn't satisfy them, but stays civil.",FALSE,COMPLETED,FALSE,FALSE,FALSE,1311,2511,3711,2026-09-28T15:00:00Z,,,,FALSE,TRUE,TRUE,30 minutes,FALSE,NOT_EXTENDABLE,500211,VREF-1211,Vatican Museums,Melissa Perez,2,SEC-40100111,VENDOR_API,,Ticket with Audioguide,41.9065,12.4536,00120 Vatican City,Head to the audio guide desk located past the security check. Show this voucher to collect your device and headphones.,FIXED_START_FIXED_DURATION,7100111,SECITIN-7100111,BARCODE_UPC_A,,,Ticket Redemption Details,Meeting Point Related,Meeting Point Details Requested,frustrated
80100112,shreyank.prabhu@headout.com,COMPLETED,"The guest has a question about how to redeem their ticket — specifically, meeting point is incorrect/missing. The guest is calm and matter-of-fact, asks their question plainly and accepts a clear answer without much back-and-forth.",FALSE,COMPLETED,FALSE,FALSE,FALSE,1312,2512,3712,2026-09-01T16:00:00Z,,,,FALSE,TRUE,TRUE,30 minutes,FALSE,NOT_EXTENDABLE,500212,VREF-1212,Universal Studios Hollywood,Kevin Taylor,3,SEC-40100112,VENDOR_API,,Guided Tour,34.1381,-118.3534,"100 Universal City Plaza, Universal City, CA 91608, USA",Meet your guide at the designated meeting point 15 minutes before the tour starts. Look for the guide holding a red umbrella.,FLEXIBLE_START_FLEXIBLE_DURATION,7100112,SECITIN-7100112,BARCODE_CODE_39,,,Ticket Redemption Details,Meeting Point Related,Meeting Point Is Incorrect/missing,okay
80100113,shreyank.prabhu@headout.com,COMPLETED,"The guest has a question about how to redeem their ticket — specifically, transfer / pick up related. The guest is annoyed about the situation, pushes back once with a bit of edge if the first answer doesn't satisfy them, but stays civil.",FALSE,COMPLETED,FALSE,FALSE,FALSE,1313,2513,3713,2026-09-02T17:00:00Z,,,,FALSE,TRUE,TRUE,30 minutes,FALSE,NOT_EXTENDABLE,500213,VREF-1213,Eiffel Tower,Danielle Clark,4,SEC-40100113,VENDOR_API,,Skip-the-line Ticket,48.8584,2.2945,"Champ de Mars, 5 Ave Anatole France, 75007 Paris, France",Proceed directly to the priority entrance lane marked 'Skip-the-line'. Have your ID and e-ticket ready for scanning.,FIXED_START_FIXED_DURATION,7100113,SECITIN-7100113,HTML_URL,,,Ticket Redemption Details,Transfer / Pick Up Related,,frustrated
80100114,shreyank.prabhu@headout.com,COMPLETED,"The guest wants to cancel their booking — specifically, weather related. The guest is annoyed about the situation, pushes back once with a bit of edge if the first answer doesn't satisfy them, but stays civil.",FALSE,COMPLETED,FALSE,FALSE,FALSE,1314,2514,3714,2026-09-03T18:00:00Z,,,,FALSE,TRUE,TRUE,30 minutes,FALSE,NOT_EXTENDABLE,500214,VREF-1214,Statue of Liberty,Brian White,5,SEC-40100114,VENDOR_API,,VIP Access,40.6892,-74.0445,"New York, NY 10004, USA",Please use the VIP entrance located on the east side of the building. Present your voucher to the VIP concierge for immediate assistance.,FIXED_START_FLEXIBLE_DURATION,7100114,SECITIN-7100114,WALLET_PASS,,,Cancellation Request,Headout Related,Weather Related,frustrated
80100115,shreyank.prabhu@headout.com,COMPLETED,"The guest wants to cancel their booking — specifically, wrong pax. The guest is relaxed and upbeat, quick to accept whatever the agent says and thanks them warmly once it's sorted.",TRUE,COMPLETED,FALSE,FALSE,TRUE,1315,2515,3715,2026-09-04T19:00:00Z,,,,FALSE,TRUE,FALSE,30 minutes,FALSE,NOT_EXTENDABLE,500215,VREF-1215,Louvre Museum,Kimberly Carter,1,SEC-40100115,VENDOR_API,,Direct Entry Ticket,48.8606,2.3376,"Rue de Rivoli, 75001 Paris, France",Please present this e-ticket at the main entrance turnstiles. Ensure the barcode is clearly visible on your mobile device. No need to print.,FIXED_START_FIXED_DURATION,7100115,SECITIN-7100115,PDF_URL,,,Cancellation Request,Headout Related,Wrong Pax,happy
80100116,shreyank.prabhu@headout.com,COMPLETED,"The guest wants to cancel their booking — specifically, wrong time. The guest is annoyed about the situation, pushes back once with a bit of edge if the first answer doesn't satisfy them, but stays civil.",FALSE,COMPLETED,FALSE,FALSE,FALSE,1316,2516,3716,2026-09-05T20:00:00Z,,,,FALSE,TRUE,TRUE,30 minutes,FALSE,UNTIL_DATE,500216,VREF-1216,Burj Khalifa,Timothy Johnson,2,SEC-40100116,VENDOR_API,,Ticket with Audioguide,25.1972,55.2744,1 Sheikh Mohammed bin Rashid Blvd - Downtown Dubai - Dubai - United Arab Emirates,Head to the audio guide desk located past the security check. Show this voucher to collect your device and headphones.,FLEXIBLE_START_FLEXIBLE_DURATION,7100116,SECITIN-7100116,QR_CODE,2027-03-01,30,Cancellation Request,Headout Related,Wrong Time,frustrated
80100117,shreyank.prabhu@headout.com,PENDING,"The guest still hasn't received their tickets and wants an update — specifically, future booking. The guest is calm and matter-of-fact, asks their question plainly and accepts a clear answer without much back-and-forth.",FALSE,PENDING,FALSE,FALSE,FALSE,1317,2517,3717,2026-09-06T21:00:00Z,,,,FALSE,TRUE,FALSE,30 minutes,FALSE,NOT_EXTENDABLE,500217,VREF-1217,Sydney Opera House,Amy Martinez,3,SEC-40100117,VENDOR_API,,Guided Tour,-33.8568,151.2153,"Bennelong Point, Sydney NSW 2000, Australia",Meet your guide at the designated meeting point 15 minutes before the tour starts. Look for the guide holding a red umbrella.,FIXED_START_FLEXIBLE_DURATION,7100117,SECITIN-7100117,TEXT,,,Delay Fulfilment,Delay,Future Booking,okay
80100118,shreyank.prabhu@headout.com,PENDING,"The guest still hasn't received their tickets and wants an update — specifically, SP dependency. The guest is relaxed and upbeat, quick to accept whatever the agent says and thanks them warmly once it's sorted.",FALSE,PENDING,FALSE,FALSE,FALSE,1318,2518,3718,2026-09-07T22:00:00Z,,,,FALSE,TRUE,TRUE,30 minutes,FALSE,NOT_EXTENDABLE,500218,VREF-1218,Taj Mahal,Jason Martin,4,SEC-40100118,VENDOR_API,,Skip-the-line Ticket,27.1751,78.0421,"Dharmapuri, Forest Colony, Tajganj, Agra, Uttar Pradesh 282001, India",Proceed directly to the priority entrance lane marked 'Skip-the-line'. Have your ID and e-ticket ready for scanning.,FIXED_START_FIXED_DURATION,7100118,SECITIN-7100118,BARCODE_CODE_128,,,Delay Fulfilment,Delay,Sp Dependency,happy
80100119,shreyank.prabhu@headout.com,COMPLETED,"The guest has a general question before or after booking — specifically, phishing. The guest is annoyed about the situation, pushes back once with a bit of edge if the first answer doesn't satisfy them, but stays civil.",FALSE,COMPLETED,FALSE,FALSE,FALSE,1319,2519,3719,2026-09-08T23:00:00Z,,,,FALSE,FALSE,FALSE,30 minutes,FALSE,NOT_EXTENDABLE,500219,VREF-1219,Sagrada Familia,Rebecca Baker,5,SEC-40100119,VENDOR_API,,VIP Access,41.4036,2.1744,"C/ de Mallorca, 401, l'Eixample, 08013 Barcelona, Spain",Please use the VIP entrance located on the east side of the building. Present your voucher to the VIP concierge for immediate assistance.,FIXED_START_FIXED_DURATION,7100119,SECITIN-7100119,BARCODE_UPC_A,,,General Information,Phishing,,frustrated
80100120,shreyank.prabhu@headout.com,PENDING,"The guest has a general question before or after booking — specifically, trust. The guest is upset and impatient from the first message, pushes back firmly at least twice, and threatens to ask for a supervisor if the agent doesn't resolve it quickly.",FALSE,PENDING,FALSE,FALSE,FALSE,1320,2520,3720,2026-09-09T00:00:00Z,,,,FALSE,FALSE,FALSE,30 minutes,FALSE,UNTIL_DATE,500220,VREF-1220,The Colosseum,John Doe,1,SEC-40100120,VENDOR_API,,Direct Entry Ticket,41.8902,12.4922,"Piazza del Colosseo, 1, 00184 Roma RM, Italy",Please present this e-ticket at the main entrance turnstiles. Ensure the barcode is clearly visible on your mobile device. No need to print.,FLEXIBLE_START_FLEXIBLE_DURATION,7100120,SECITIN-7100120,BARCODE_UPC_A,2027-03-01,30,General Information,Trust,,angry
80100121,shreyank.prabhu@headout.com,COMPLETED,"The guest wants to modify details on their booking — specifically, wrong date/time. The guest is relaxed and upbeat, quick to accept whatever the agent says and thanks them warmly once it's sorted.",FALSE,COMPLETED,FALSE,TRUE,FALSE,1321,2521,3721,2026-09-10T01:00:00Z,,,,FALSE,TRUE,FALSE,30 minutes,FALSE,NOT_EXTENDABLE,500221,VREF-1221,Vatican Museums,Jane Wilson,2,SEC-40100121,VENDOR_API,,Ticket with Audioguide,41.9065,12.4536,00120 Vatican City,Head to the audio guide desk located past the security check. Show this voucher to collect your device and headphones.,FLEXIBLE_START_FLEXIBLE_DURATION,7100121,SECITIN-7100121,BARCODE_UPC_A,,,Modification Request,Customer Related,Wrong Date/time,happy
80100122,shreyank.prabhu@headout.com,COMPLETED,"The guest is asking about a refund — specifically, inclusions not met in the experience. The guest is upset and impatient from the first message, pushes back firmly at least twice, and threatens to ask for a supervisor if the agent doesn't resolve it quickly.",FALSE,COMPLETED,FALSE,FALSE,FALSE,1322,2522,3722,2026-09-11T02:00:00Z,,,,FALSE,TRUE,TRUE,30 minutes,FALSE,NOT_EXTENDABLE,500222,VREF-1222,Universal Studios Hollywood,Michael Lee,3,SEC-40100122,VENDOR_API,,Guided Tour,34.1381,-118.3534,"100 Universal City Plaza, Universal City, CA 91608, USA",Meet your guide at the designated meeting point 15 minutes before the tour starts. Look for the guide holding a red umbrella.,FIXED_START_FIXED_DURATION,7100122,SECITIN-7100122,BARCODE_CODE_39,,,Refund Related,Refund Request,Inclusions Not Met In The Experience,angry
80100123,shreyank.prabhu@headout.com,PENDING,"The guest is asking about a refund — specifically, refund status. The guest is relaxed and upbeat, quick to accept whatever the agent says and thanks them warmly once it's sorted.",FALSE,PENDING,FALSE,FALSE,FALSE,1323,2523,3723,2026-09-12T03:00:00Z,,,,FALSE,TRUE,FALSE,30 minutes,FALSE,NOT_EXTENDABLE,500223,VREF-1223,Eiffel Tower,Emily Green,4,SEC-40100123,VENDOR_API,,Skip-the-line Ticket,48.8584,2.2945,"Champ de Mars, 5 Ave Anatole France, 75007 Paris, France",Proceed directly to the priority entrance lane marked 'Skip-the-line'. Have your ID and e-ticket ready for scanning.,FIXED_START_FIXED_DURATION,7100123,SECITIN-7100123,HTML_URL,,,Refund Related,Refund Status,,happy
80100124,shreyank.prabhu@headout.com,COMPLETED,"The guest is unhappy with how the experience itself went — specifically, denied entry. The guest is calm and matter-of-fact, asks their question plainly and accepts a clear answer without much back-and-forth.",FALSE,COMPLETED,FALSE,FALSE,FALSE,1324,2524,3724,2026-09-13T04:00:00Z,,,,FALSE,TRUE,FALSE,30 minutes,FALSE,NOT_EXTENDABLE,500224,VREF-1224,Statue of Liberty,Christopher Roberts,5,SEC-40100124,VENDOR_API,,VIP Access,40.6892,-74.0445,"New York, NY 10004, USA",Please use the VIP entrance located on the east side of the building. Present your voucher to the VIP concierge for immediate assistance.,FIXED_START_FIXED_DURATION,7100124,SECITIN-7100124,WALLET_PASS,,,Service Issues,Experience Related,Denied Entry,okay
80100125,shreyank.prabhu@headout.com,COMPLETED,"The guest has a question about how to redeem their ticket — specifically, extended validity. The guest is annoyed about the situation, pushes back once with a bit of edge if the first answer doesn't satisfy them, but stays civil.",FALSE,COMPLETED,FALSE,FALSE,FALSE,1325,2525,3725,2026-09-14T05:00:00Z,,,,FALSE,TRUE,FALSE,30 minutes,FALSE,NOT_EXTENDABLE,500225,VREF-1225,Louvre Museum,Ashley Jackson,1,SEC-40100125,VENDOR_API,,Direct Entry Ticket,48.8606,2.3376,"Rue de Rivoli, 75001 Paris, France",Please present this e-ticket at the main entrance turnstiles. Ensure the barcode is clearly visible on your mobile device. No need to print.,FLEXIBLE_START_FLEXIBLE_DURATION,7100125,SECITIN-7100125,PDF_URL,,,Ticket Redemption Details,Extended Validity,,frustrated
80100126,shreyank.prabhu@headout.com,COMPLETED,"The guest has a question about how to redeem their ticket — specifically, meeting point details requested. The guest is relaxed and upbeat, quick to accept whatever the agent says and thanks them warmly once it's sorted.",FALSE,COMPLETED,FALSE,FALSE,FALSE,1326,2526,3726,2026-09-15T06:00:00Z,,,,FALSE,TRUE,TRUE,30 minutes,FALSE,NOT_EXTENDABLE,500226,VREF-1226,Burj Khalifa,Matthew Rodriguez,2,SEC-40100126,VENDOR_API,,Ticket with Audioguide,25.1972,55.2744,1 Sheikh Mohammed bin Rashid Blvd - Downtown Dubai - Dubai - United Arab Emirates,Head to the audio guide desk located past the security check. Show this voucher to collect your device and headphones.,FIXED_START_FIXED_DURATION,7100126,SECITIN-7100126,QR_CODE,,,Ticket Redemption Details,Meeting Point Related,Meeting Point Details Requested,happy
80100127,shreyank.prabhu@headout.com,COMPLETED,"The guest is a supplier contact asking about a guest's booking. The guest is relaxed and upbeat, quick to accept whatever the agent says and thanks them warmly once it's sorted.",FALSE,COMPLETED,FALSE,FALSE,FALSE,1327,2527,3727,2026-09-16T07:00:00Z,,,,FALSE,FALSE,FALSE,30 minutes,FALSE,NOT_EXTENDABLE,500227,VREF-1227,Sydney Opera House,Amanda Walker,3,SEC-40100127,VENDOR_API,,Guided Tour,-33.8568,151.2153,"Bennelong Point, Sydney NSW 2000, Australia",Meet your guide at the designated meeting point 15 minutes before the tour starts. Look for the guide holding a red umbrella.,FIXED_START_FIXED_DURATION,7100127,SECITIN-7100127,TEXT,,,Vendor Query,,,happy
80100128,shreyank.prabhu@headout.com,COMPLETED,"The guest is following up on a booking that was already amended — specifically, request for refund. The guest is upset and impatient from the first message, pushes back firmly at least twice, and threatens to ask for a supervisor if the agent doesn't resolve it quickly.",FALSE,COMPLETED,FALSE,FALSE,FALSE,1328,2528,3728,2026-09-17T08:00:00Z,,,,FALSE,TRUE,FALSE,30 minutes,FALSE,NOT_EXTENDABLE,500228,VREF-1228,Taj Mahal,Joshua Mitchell,4,SEC-40100128,VENDOR_API,,Skip-the-line Ticket,27.1751,78.0421,"Dharmapuri, Forest Colony, Tajganj, Agra, Uttar Pradesh 282001, India",Proceed directly to the priority entrance lane marked 'Skip-the-line'. Have your ID and e-ticket ready for scanning.,FIXED_START_FIXED_DURATION,7100128,SECITIN-7100128,BARCODE_CODE_128,,,Amended Booking Response,Request For Refund,,angry
80100129,shreyank.prabhu@headout.com,COMPLETED,"The guest is following up on a booking that was already amended — specifically, tickets yet to recieve - alts selected. The guest is relaxed and upbeat, quick to accept whatever the agent says and thanks them warmly once it's sorted.",TRUE,COMPLETED,FALSE,FALSE,TRUE,1329,2529,3729,2026-09-18T09:00:00Z,,,,FALSE,FALSE,FALSE,30 minutes,FALSE,NOT_EXTENDABLE,500229,VREF-1229,Sagrada Familia,Brittany Davis,5,SEC-40100129,VENDOR_API,,VIP Access,41.4036,2.1744,"C/ de Mallorca, 401, l'Eixample, 08013 Barcelona, Spain",Please use the VIP entrance located on the east side of the building. Present your voucher to the VIP concierge for immediate assistance.,FIXED_START_FIXED_DURATION,7100129,SECITIN-7100129,BARCODE_UPC_A,,,Amended Booking Response,Tickets Yet To Recieve - Alts Selected,,happy
80100130,shreyank.prabhu@headout.com,COMPLETED,"The guest wants to cancel their booking — specifically, booked twice. The guest is relaxed and upbeat, quick to accept whatever the agent says and thanks them warmly once it's sorted.",TRUE,COMPLETED,FALSE,FALSE,TRUE,1330,2530,3730,2026-09-19T10:00:00Z,,,,FALSE,TRUE,FALSE,30 minutes,FALSE,NOT_EXTENDABLE,500230,VREF-1230,The Colosseum,William Robinson,1,SEC-40100130,VENDOR_API,,Direct Entry Ticket,41.8902,12.4922,"Piazza del Colosseo, 1, 00184 Roma RM, Italy",Please present this e-ticket at the main entrance turnstiles. Ensure the barcode is clearly visible on your mobile device. No need to print.,FIXED_START_FIXED_DURATION,7100130,SECITIN-7100130,BARCODE_UPC_A,,,Cancellation Request,Customer Related,Booked Twice,happy
80100131,shreyank.prabhu@headout.com,COMPLETED,"The guest wants to cancel their booking — specifically, change of plans. The guest is upset and impatient from the first message, pushes back firmly at least twice, and threatens to ask for a supervisor if the agent doesn't resolve it quickly.",FALSE,COMPLETED,FALSE,FALSE,FALSE,1331,2531,3731,2026-09-20T11:00:00Z,,,,FALSE,TRUE,FALSE,30 minutes,FALSE,NOT_EXTENDABLE,500231,VREF-1231,Vatican Museums,Megan Harris,2,SEC-40100131,VENDOR_API,,Ticket with Audioguide,41.9065,12.4536,00120 Vatican City,Head to the audio guide desk located past the security check. Show this voucher to collect your device and headphones.,FIXED_START_FIXED_DURATION,7100131,SECITIN-7100131,BARCODE_UPC_A,,,Cancellation Request,Customer Related,Change Of Plans,angry
80100132,shreyank.prabhu@headout.com,COMPLETED,"The guest wants to cancel their booking — specifically, change of plans. The guest is relaxed and upbeat, quick to accept whatever the agent says and thanks them warmly once it's sorted.",TRUE,COMPLETED,FALSE,FALSE,TRUE,1332,2532,3732,2026-09-21T12:00:00Z,,,,FALSE,TRUE,FALSE,30 minutes,FALSE,UNTIL_DATE,500232,VREF-1232,Universal Studios Hollywood,David Nelson,3,SEC-40100132,VENDOR_API,,Guided Tour,34.1381,-118.3534,"100 Universal City Plaza, Universal City, CA 91608, USA",Meet your guide at the designated meeting point 15 minutes before the tour starts. Look for the guide holding a red umbrella.,FLEXIBLE_START_FLEXIBLE_DURATION,7100132,SECITIN-7100132,BARCODE_CODE_39,2027-03-01,30,Cancellation Request,Customer Related,Change Of Plans,happy
80100133,shreyank.prabhu@headout.com,COMPLETED,"The guest wants to cancel their booking — specifically, personal emergency. The guest is annoyed about the situation, pushes back once with a bit of edge if the first answer doesn't satisfy them, but stays civil.",FALSE,COMPLETED,FALSE,FALSE,FALSE,1333,2533,3733,2026-09-22T13:00:00Z,,,,FALSE,TRUE,TRUE,30 minutes,FALSE,NOT_EXTENDABLE,500233,VREF-1233,Eiffel Tower,Rachel Smith,4,SEC-40100133,VENDOR_API,,Skip-the-line Ticket,48.8584,2.2945,"Champ de Mars, 5 Ave Anatole France, 75007 Paris, France",Proceed directly to the priority entrance lane marked 'Skip-the-line'. Have your ID and e-ticket ready for scanning.,FLEXIBLE_START_FLEXIBLE_DURATION,7100133,SECITIN-7100133,HTML_URL,,,Cancellation Request,Customer Related,Personal Emergency,frustrated
80100134,shreyank.prabhu@headout.com,COMPLETED,"The guest wants to cancel their booking — specifically, invalid tickets. The guest is annoyed about the situation, pushes back once with a bit of edge if the first answer doesn't satisfy them, but stays civil.",FALSE,COMPLETED,FALSE,FALSE,FALSE,1334,2534,3734,2026-09-23T14:00:00Z,,,,FALSE,TRUE,TRUE,30 minutes,FALSE,UNTIL_DATE,500234,VREF-1234,Statue of Liberty,James Thomas,5,SEC-40100134,VENDOR_API,,VIP Access,40.6892,-74.0445,"New York, NY 10004, USA",Please use the VIP entrance located on the east side of the building. Present your voucher to the VIP concierge for immediate assistance.,FLEXIBLE_START_FLEXIBLE_DURATION,7100134,SECITIN-7100134,WALLET_PASS,2027-03-01,30,Cancellation Request,Headout Related,Invalid Tickets,frustrated
80100135,shreyank.prabhu@headout.com,PENDING,"The guest wants to cancel their booking — specifically, inventory issues. The guest is upset and impatient from the first message, pushes back firmly at least twice, and threatens to ask for a supervisor if the agent doesn't resolve it quickly.",FALSE,PENDING,FALSE,FALSE,FALSE,1335,2535,3735,2026-09-24T15:00:00Z,,,,FALSE,TRUE,TRUE,30 minutes,FALSE,NOT_EXTENDABLE,500235,VREF-1235,Louvre Museum,Samantha Thompson,1,SEC-40100135,VENDOR_API,,Direct Entry Ticket,48.8606,2.3376,"Rue de Rivoli, 75001 Paris, France",Please present this e-ticket at the main entrance turnstiles. Ensure the barcode is clearly visible on your mobile device. No need to print.,FLEXIBLE_START_FLEXIBLE_DURATION,7100135,SECITIN-7100135,PDF_URL,,,Cancellation Request,Headout Related,Inventory Issues,angry
80100136,shreyank.prabhu@headout.com,PENDING,"The guest wants to cancel their booking — specifically, others. The guest is annoyed about the situation, pushes back once with a bit of edge if the first answer doesn't satisfy them, but stays civil.",FALSE,PENDING,FALSE,FALSE,FALSE,1336,2536,3736,2026-09-25T16:00:00Z,,,,FALSE,TRUE,TRUE,30 minutes,FALSE,NOT_EXTENDABLE,500236,VREF-1236,Burj Khalifa,Daniel Adams,2,SEC-40100136,VENDOR_API,,Ticket with Audioguide,25.1972,55.2744,1 Sheikh Mohammed bin Rashid Blvd - Downtown Dubai - Dubai - United Arab Emirates,Head to the audio guide desk located past the security check. Show this voucher to collect your device and headphones.,FIXED_START_FLEXIBLE_DURATION,7100136,SECITIN-7100136,QR_CODE,,,Cancellation Request,Headout Related,Others,frustrated
80100137,shreyank.prabhu@headout.com,CANCELLED,"The guest wants to cancel their booking — specifically, wrong time. The guest is relaxed and upbeat, quick to accept whatever the agent says and thanks them warmly once it's sorted.",TRUE,CANCELLED,FALSE,FALSE,TRUE,1337,2537,3737,2026-09-26T17:00:00Z,123456740100137,,,FALSE,TRUE,FALSE,30 minutes,FALSE,NOT_EXTENDABLE,500237,VREF-1237,Sydney Opera House,Sarah Turner,3,SEC-40100137,VENDOR_API,,Guided Tour,-33.8568,151.2153,"Bennelong Point, Sydney NSW 2000, Australia",Meet your guide at the designated meeting point 15 minutes before the tour starts. Look for the guide holding a red umbrella.,FIXED_START_FIXED_DURATION,7100137,SECITIN-7100137,TEXT,,,Cancellation Request,Headout Related,Wrong Time,happy
80100138,shreyank.prabhu@headout.com,COMPLETED,"The guest still hasn't received their tickets and wants an update — specifically, resend tickets. The guest is upset and impatient from the first message, pushes back firmly at least twice, and threatens to ask for a supervisor if the agent doesn't resolve it quickly.",FALSE,COMPLETED,FALSE,FALSE,FALSE,1338,2538,3738,2026-09-27T18:00:00Z,,,,FALSE,FALSE,FALSE,30 minutes,FALSE,NOT_EXTENDABLE,500238,VREF-1238,Taj Mahal,Andrew Brown,4,SEC-40100138,VENDOR_API,,Skip-the-line Ticket,27.1751,78.0421,"Dharmapuri, Forest Colony, Tajganj, Agra, Uttar Pradesh 282001, India",Proceed directly to the priority entrance lane marked 'Skip-the-line'. Have your ID and e-ticket ready for scanning.,FIXED_START_FLEXIBLE_DURATION,7100138,SECITIN-7100138,BARCODE_CODE_128,,,Delay Fulfilment,Resend Tickets,,angry
80100139,shreyank.prabhu@headout.com,COMPLETED,"The guest has a general question before or after booking — specifically, combos. The guest is annoyed about the situation, pushes back once with a bit of edge if the first answer doesn't satisfy them, but stays civil.",FALSE,COMPLETED,FALSE,FALSE,FALSE,1339,2539,3739,2026-09-28T19:00:00Z,,,,FALSE,TRUE,FALSE,30 minutes,FALSE,NOT_EXTENDABLE,500239,VREF-1239,Sagrada Familia,Jessica Lewis,5,SEC-40100139,VENDOR_API,,VIP Access,41.4036,2.1744,"C/ de Mallorca, 401, l'Eixample, 08013 Barcelona, Spain",Please use the VIP entrance located on the east side of the building. Present your voucher to the VIP concierge for immediate assistance.,FIXED_START_FIXED_DURATION,7100139,SECITIN-7100139,BARCODE_UPC_A,,,General Information,Combos,,frustrated
80100140,shreyank.prabhu@headout.com,CANCELLED,"The guest has a general question before or after booking — specifically, creator collab. The guest is relaxed and upbeat, quick to accept whatever the agent says and thanks them warmly once it's sorted.",FALSE,CANCELLED,FALSE,FALSE,FALSE,1340,2540,3740,2026-09-01T20:00:00Z,123456740100140,,,FALSE,TRUE,FALSE,30 minutes,FALSE,NOT_EXTENDABLE,500240,VREF-1240,The Colosseum,Ryan Scott,1,SEC-40100140,VENDOR_API,,Direct Entry Ticket,41.8902,12.4922,"Piazza del Colosseo, 1, 00184 Roma RM, Italy",Please present this e-ticket at the main entrance turnstiles. Ensure the barcode is clearly visible on your mobile device. No need to print.,FLEXIBLE_START_FLEXIBLE_DURATION,7100140,SECITIN-7100140,BARCODE_UPC_A,,,General Information,Creator Collab,,happy
80100141,shreyank.prabhu@headout.com,COMPLETED,"The guest has a general question before or after booking — specifically, seat availability. The guest is relaxed and upbeat, quick to accept whatever the agent says and thanks them warmly once it's sorted.",FALSE,COMPLETED,FALSE,FALSE,FALSE,1341,2541,3741,2026-09-02T21:00:00Z,,,,FALSE,TRUE,FALSE,30 minutes,FALSE,NOT_EXTENDABLE,500241,VREF-1241,Vatican Museums,Melissa Perez,2,SEC-40100141,VENDOR_API,,Ticket with Audioguide,41.9065,12.4536,00120 Vatican City,Head to the audio guide desk located past the security check. Show this voucher to collect your device and headphones.,FLEXIBLE_START_FLEXIBLE_DURATION,7100141,SECITIN-7100141,BARCODE_UPC_A,,,General Information,Experience Related,Seat Availability,happy
80100142,shreyank.prabhu@headout.com,COMPLETED,"The guest has a general question before or after booking — specifically, headout blog. The guest is calm and matter-of-fact, asks their question plainly and accepts a clear answer without much back-and-forth.",FALSE,COMPLETED,FALSE,FALSE,FALSE,1342,2542,3742,2026-09-03T22:00:00Z,,,,FALSE,FALSE,FALSE,30 minutes,FALSE,NOT_EXTENDABLE,500242,VREF-1242,Universal Studios Hollywood,Kevin Taylor,3,SEC-40100142,VENDOR_API,,Guided Tour,34.1381,-118.3534,"100 Universal City Plaza, Universal City, CA 91608, USA",Meet your guide at the designated meeting point 15 minutes before the tour starts. Look for the guide holding a red umbrella.,FIXED_START_FIXED_DURATION,7100142,SECITIN-7100142,BARCODE_CODE_39,,,General Information,Headout Blog,,okay
80100143,shreyank.prabhu@headout.com,COMPLETED,"The guest has a general question before or after booking — specifically, tour comparison. The guest is relaxed and upbeat, quick to accept whatever the agent says and thanks them warmly once it's sorted.",FALSE,COMPLETED,FALSE,FALSE,FALSE,1343,2543,3743,2026-09-04T23:00:00Z,,,,FALSE,FALSE,FALSE,30 minutes,FALSE,NOT_EXTENDABLE,500243,VREF-1243,Eiffel Tower,Danielle Clark,4,SEC-40100143,VENDOR_API,,Skip-the-line Ticket,48.8584,2.2945,"Champ de Mars, 5 Ave Anatole France, 75007 Paris, France",Proceed directly to the priority entrance lane marked 'Skip-the-line'. Have your ID and e-ticket ready for scanning.,FIXED_START_FIXED_DURATION,7100143,SECITIN-7100143,HTML_URL,,,General Information,Tour Comparison,,happy
80100144,shreyank.prabhu@headout.com,COMPLETED,"The guest has a general question before or after booking — specifically, unsubscribe/delete account. The guest is relaxed and upbeat, quick to accept whatever the agent says and thanks them warmly once it's sorted.",FALSE,COMPLETED,FALSE,FALSE,FALSE,1344,2544,3744,2026-09-05T00:00:00Z,,,,FALSE,TRUE,FALSE,30 minutes,FALSE,UNTIL_DATE,500244,VREF-1244,Statue of Liberty,Brian White,5,SEC-40100144,VENDOR_API,,VIP Access,40.6892,-74.0445,"New York, NY 10004, USA",Please use the VIP entrance located on the east side of the building. Present your voucher to the VIP concierge for immediate assistance.,FLEXIBLE_START_FLEXIBLE_DURATION,7100144,SECITIN-7100144,WALLET_PASS,2027-03-01,30,General Information,Unsubscribe/delete Account,,happy
80100145,shreyank.prabhu@headout.com,COMPLETED,"The guest wants to modify details on their booking — specifically, didn't get tickets. The guest is upset and impatient from the first message, pushes back firmly at least twice, and threatens to ask for a supervisor if the agent doesn't resolve it quickly.",FALSE,COMPLETED,FALSE,FALSE,FALSE,1345,2545,3745,2026-09-06T01:00:00Z,,,,FALSE,TRUE,TRUE,30 minutes,FALSE,NOT_EXTENDABLE,500245,VREF-1245,Louvre Museum,Kimberly Carter,1,SEC-40100145,VENDOR_API,,Direct Entry Ticket,48.8606,2.3376,"Rue de Rivoli, 75001 Paris, France",Please present this e-ticket at the main entrance turnstiles. Ensure the barcode is clearly visible on your mobile device. No need to print.,FIXED_START_FIXED_DURATION,7100145,SECITIN-7100145,PDF_URL,,,Modification Request,Customer Related,Didn T Get Tickets,angry
80100146,shreyank.prabhu@headout.com,COMPLETED,"The guest wants to modify details on their booking — specifically, personal emergency. The guest is annoyed about the situation, pushes back once with a bit of edge if the first answer doesn't satisfy them, but stays civil.",FALSE,COMPLETED,FALSE,FALSE,FALSE,1346,2546,3746,2026-09-07T02:00:00Z,,,,FALSE,TRUE,FALSE,30 minutes,FALSE,NOT_EXTENDABLE,500246,VREF-1246,Burj Khalifa,Timothy Johnson,2,SEC-40100146,VENDOR_API,,Ticket with Audioguide,25.1972,55.2744,1 Sheikh Mohammed bin Rashid Blvd - Downtown Dubai - Dubai - United Arab Emirates,Head to the audio guide desk located past the security check. Show this voucher to collect your device and headphones.,FIXED_START_FIXED_DURATION,7100146,SECITIN-7100146,QR_CODE,,,Modification Request,Customer Related,Personal Emergency,frustrated
80100147,shreyank.prabhu@headout.com,COMPLETED,"The guest wants to modify details on their booking — specifically, wrong pax. The guest is annoyed about the situation, pushes back once with a bit of edge if the first answer doesn't satisfy them, but stays civil.",FALSE,COMPLETED,FALSE,FALSE,FALSE,1347,2547,3747,2026-09-08T03:00:00Z,,,,FALSE,TRUE,TRUE,30 minutes,FALSE,NOT_EXTENDABLE,500247,VREF-1247,Sydney Opera House,Amy Martinez,3,SEC-40100147,VENDOR_API,,Guided Tour,-33.8568,151.2153,"Bennelong Point, Sydney NSW 2000, Australia",Meet your guide at the designated meeting point 15 minutes before the tour starts. Look for the guide holding a red umbrella.,FIXED_START_FIXED_DURATION,7100147,SECITIN-7100147,TEXT,,,Modification Request,Customer Related,Wrong Pax,frustrated
80100148,shreyank.prabhu@headout.com,COMPLETED,"The guest wants to modify details on their booking — specifically, others. The guest is relaxed and upbeat, quick to accept whatever the agent says and thanks them warmly once it's sorted.",FALSE,COMPLETED,FALSE,TRUE,FALSE,1348,2548,3748,2026-09-09T04:00:00Z,,,,FALSE,TRUE,FALSE,30 minutes,FALSE,NOT_EXTENDABLE,500248,VREF-1248,Taj Mahal,Jason Martin,4,SEC-40100148,VENDOR_API,,Skip-the-line Ticket,27.1751,78.0421,"Dharmapuri, Forest Colony, Tajganj, Agra, Uttar Pradesh 282001, India",Proceed directly to the priority entrance lane marked 'Skip-the-line'. Have your ID and e-ticket ready for scanning.,FIXED_START_FLEXIBLE_DURATION,7100148,SECITIN-7100148,BARCODE_CODE_128,,,Modification Request,Headout Related,Others,happy
80100149,shreyank.prabhu@headout.com,COMPLETED,"The guest wants to modify details on their booking — specifically, offered a different time. The guest is annoyed about the situation, pushes back once with a bit of edge if the first answer doesn't satisfy them, but stays civil.",FALSE,COMPLETED,FALSE,FALSE,FALSE,1349,2549,3749,2026-09-10T05:00:00Z,,,,FALSE,TRUE,FALSE,30 minutes,FALSE,NOT_EXTENDABLE,500249,VREF-1249,Sagrada Familia,Rebecca Baker,5,SEC-40100149,VENDOR_API,,VIP Access,41.4036,2.1744,"C/ de Mallorca, 401, l'Eixample, 08013 Barcelona, Spain",Please use the VIP entrance located on the east side of the building. Present your voucher to the VIP concierge for immediate assistance.,FIXED_START_FIXED_DURATION,7100149,SECITIN-7100149,BARCODE_UPC_A,,,Modification Request,Sp Related,Offered A Different Time,frustrated
80100150,shreyank.prabhu@headout.com,COMPLETED,"The guest wants to modify details on their booking — specifically, strike/venue closure. The guest is annoyed about the situation, pushes back once with a bit of edge if the first answer doesn't satisfy them, but stays civil.",FALSE,COMPLETED,FALSE,FALSE,FALSE,1350,2550,3750,2026-09-11T06:00:00Z,,,,FALSE,TRUE,TRUE,30 minutes,FALSE,NOT_EXTENDABLE,500250,VREF-1250,The Colosseum,John Doe,1,SEC-40100150,VENDOR_API,,Direct Entry Ticket,41.8902,12.4922,"Piazza del Colosseo, 1, 00184 Roma RM, Italy",Please present this e-ticket at the main entrance turnstiles. Ensure the barcode is clearly visible on your mobile device. No need to print.,FIXED_START_FIXED_DURATION,7100150,SECITIN-7100150,BARCODE_UPC_A,,,Modification Request,Sp Related,Strike/venue Closure,frustrated
80100151,shreyank.prabhu@headout.com,COMPLETED,"The guest ran into a problem paying for their booking — specifically, 3ds failure. The guest is relaxed and upbeat, quick to accept whatever the agent says and thanks them warmly once it's sorted.",FALSE,COMPLETED,FALSE,FALSE,FALSE,1351,2551,3751,2026-09-12T07:00:00Z,,,,FALSE,TRUE,FALSE,30 minutes,FALSE,NOT_EXTENDABLE,500251,VREF-1251,Vatican Museums,Jane Wilson,2,SEC-40100151,VENDOR_API,,Ticket with Audioguide,41.9065,12.4536,00120 Vatican City,Head to the audio guide desk located past the security check. Show this voucher to collect your device and headphones.,FIXED_START_FLEXIBLE_DURATION,7100151,SECITIN-7100151,BARCODE_UPC_A,,,Payment Failure,3ds Failure,,happy
80100152,shreyank.prabhu@headout.com,COMPLETED,"The guest ran into a problem paying for their booking — specifically, sift/fingerprint block. The guest is upset and impatient from the first message, pushes back firmly at least twice, and threatens to ask for a supervisor if the agent doesn't resolve it quickly.",FALSE,COMPLETED,FALSE,FALSE,FALSE,1352,2552,3752,2026-09-13T08:00:00Z,,,,FALSE,TRUE,FALSE,30 minutes,FALSE,NOT_EXTENDABLE,500252,VREF-1252,Universal Studios Hollywood,Michael Lee,3,SEC-40100152,VENDOR_API,,Guided Tour,34.1381,-118.3534,"100 Universal City Plaza, Universal City, CA 91608, USA",Meet your guide at the designated meeting point 15 minutes before the tour starts. Look for the guide holding a red umbrella.,FIXED_START_FIXED_DURATION,7100152,SECITIN-7100152,BARCODE_CODE_39,,,Payment Failure,Sift/fingerprint Block,,angry
80100153,shreyank.prabhu@headout.com,COMPLETED,"The guest is unhappy with how the experience itself went — specifically, tour language was different. The guest is annoyed about the situation, pushes back once with a bit of edge if the first answer doesn't satisfy them, but stays civil.",FALSE,COMPLETED,FALSE,FALSE,FALSE,1353,2553,3753,2026-09-14T09:00:00Z,,,,FALSE,FALSE,FALSE,30 minutes,FALSE,NOT_EXTENDABLE,500253,VREF-1253,Eiffel Tower,Emily Green,4,SEC-40100153,VENDOR_API,,Skip-the-line Ticket,48.8584,2.2945,"Champ de Mars, 5 Ave Anatole France, 75007 Paris, France",Proceed directly to the priority entrance lane marked 'Skip-the-line'. Have your ID and e-ticket ready for scanning.,FIXED_START_FIXED_DURATION,7100153,SECITIN-7100153,HTML_URL,,,Service Issues,Sp Related,Tour Language Was Different,frustrated
80100154,shreyank.prabhu@headout.com,COMPLETED,"The guest has a question about how to redeem their ticket — specifically, transfer / pick up related. The guest is upset and impatient from the first message, pushes back firmly at least twice, and threatens to ask for a supervisor if the agent doesn't resolve it quickly.",FALSE,COMPLETED,FALSE,FALSE,FALSE,1354,2554,3754,2026-09-15T10:00:00Z,,,,FALSE,TRUE,FALSE,30 minutes,FALSE,NOT_EXTENDABLE,500254,VREF-1254,Statue of Liberty,Christopher Roberts,5,SEC-40100154,VENDOR_API,,VIP Access,40.6892,-74.0445,"New York, NY 10004, USA",Please use the VIP entrance located on the east side of the building. Present your voucher to the VIP concierge for immediate assistance.,FIXED_START_FIXED_DURATION,7100154,SECITIN-7100154,WALLET_PASS,,,Ticket Redemption Details,Transfer / Pick Up Related,,angry
80100155,shreyank.prabhu@headout.com,COMPLETED,"The guest is unhappy with how the experience itself went — specifically, inclusions not met/closed. The guest is calm and matter-of-fact, asks their question plainly and accepts a clear answer without much back-and-forth.",FALSE,COMPLETED,FALSE,FALSE,FALSE,1355,2555,3755,2026-09-16T11:00:00Z,,,,FALSE,TRUE,FALSE,30 minutes,FALSE,UNTIL_DATE,500255,VREF-1255,Louvre Museum,Ashley Jackson,1,SEC-40100155,VENDOR_API,,Direct Entry Ticket,48.8606,2.3376,"Rue de Rivoli, 75001 Paris, France",Please present this e-ticket at the main entrance turnstiles. Ensure the barcode is clearly visible on your mobile device. No need to print.,FLEXIBLE_START_FLEXIBLE_DURATION,7100155,SECITIN-7100155,PDF_URL,2027-03-01,30,Service Issues,Experience Related,Inclusions Not Met/closed,okay
80100156,shreyank.prabhu@headout.com,CANCELLED,"The guest is unhappy with how the experience itself went — specifically, unsatisfactory tour experience. The guest is relaxed and upbeat, quick to accept whatever the agent says and thanks them warmly once it's sorted.",FALSE,CANCELLED,FALSE,FALSE,FALSE,1356,2556,3756,2026-09-17T12:00:00Z,123456740100156,,,FALSE,TRUE,TRUE,30 minutes,FALSE,NOT_EXTENDABLE,500256,VREF-1256,Burj Khalifa,Matthew Rodriguez,2,SEC-40100156,VENDOR_API,,Ticket with Audioguide,25.1972,55.2744,1 Sheikh Mohammed bin Rashid Blvd - Downtown Dubai - Dubai - United Arab Emirates,Head to the audio guide desk located past the security check. Show this voucher to collect your device and headphones.,FIXED_START_FIXED_DURATION,7100156,SECITIN-7100156,QR_CODE,,,Service Issues,Experience Related,Unsatisfactory Tour Experience,happy
80100157,shreyank.prabhu@headout.com,COMPLETED,"The guest is unhappy with how the experience itself went — specifically, tour cancelled by SP. The guest is calm and matter-of-fact, asks their question plainly and accepts a clear answer without much back-and-forth.",FALSE,COMPLETED,FALSE,FALSE,FALSE,1357,2557,3757,2026-09-18T13:00:00Z,,,,FALSE,TRUE,TRUE,30 minutes,FALSE,NOT_EXTENDABLE,500257,VREF-1257,Sydney Opera House,Amanda Walker,3,SEC-40100157,VENDOR_API,,Guided Tour,-33.8568,151.2153,"Bennelong Point, Sydney NSW 2000, Australia",Meet your guide at the designated meeting point 15 minutes before the tour starts. Look for the guide holding a red umbrella.,FIXED_START_FIXED_DURATION,7100157,SECITIN-7100157,TEXT,,,Service Issues,Sp Related,Tour Cancelled By Sp,okay
80100158,shreyank.prabhu@headout.com,COMPLETED,"The guest wants to cancel their booking — specifically, wrong date/time/pax. The guest is calm and matter-of-fact, asks their question plainly and accepts a clear answer without much back-and-forth.",TRUE,COMPLETED,FALSE,FALSE,TRUE,1358,2558,3758,2026-09-19T14:00:00Z,,,,FALSE,TRUE,TRUE,30 minutes,FALSE,NOT_EXTENDABLE,500258,VREF-1258,Taj Mahal,Joshua Mitchell,4,SEC-40100158,VENDOR_API,,Skip-the-line Ticket,27.1751,78.0421,"Dharmapuri, Forest Colony, Tajganj, Agra, Uttar Pradesh 282001, India",Proceed directly to the priority entrance lane marked 'Skip-the-line'. Have your ID and e-ticket ready for scanning.,FIXED_START_FLEXIBLE_DURATION,7100158,SECITIN-7100158,BARCODE_CODE_128,,,Cancellation Request,Headout Related,Wrong Date/time/pax,okay
80100159,shreyank.prabhu@headout.com,COMPLETED,"The guest is unhappy with how the experience itself went — specifically, guide was late/didn't arrive. The guest is calm and matter-of-fact, asks their question plainly and accepts a clear answer without much back-and-forth.",FALSE,COMPLETED,FALSE,FALSE,FALSE,1359,2559,3759,2026-09-20T15:00:00Z,,,,FALSE,TRUE,FALSE,30 minutes,FALSE,NOT_EXTENDABLE,500259,VREF-1259,Sagrada Familia,Brittany Davis,5,SEC-40100159,VENDOR_API,,VIP Access,41.4036,2.1744,"C/ de Mallorca, 401, l'Eixample, 08013 Barcelona, Spain",Please use the VIP entrance located on the east side of the building. Present your voucher to the VIP concierge for immediate assistance.,FIXED_START_FLEXIBLE_DURATION,7100159,SECITIN-7100159,BARCODE_UPC_A,,,Service Issues,Sp Related,Guide Was Late/didn T Arrive,okay
80100160,shreyank.prabhu@headout.com,PENDING,The guest reports that they never made this booking and suspects their account or payment details were used fraudulently. The guest is anxious and wants the booking investigated and reversed as soon as possible.,TRUE,PENDING,FALSE,FALSE,TRUE,1360,2560,3760,2026-09-21T16:00:00Z,,,,TRUE,FALSE,FALSE,2 hours,FALSE,NOT_EXTENDABLE,500260,VREF-1260,The Colosseum,William Robinson,1,SEC-40100160,MANUAL,,Direct Entry Ticket,41.8902,12.4922,"Piazza del Colosseo, 1, 00184 Roma RM, Italy",Please present this e-ticket at the main entrance turnstiles. Ensure the barcode is clearly visible on your mobile device. No need to print.,FLEXIBLE_START_FLEXIBLE_DURATION,7100160,SECITIN-7100160,BARCODE_UPC_A,,,Fradulent,,,okay
